freq,reporter,partner,product,flow,indicators\TIME_PERIOD	2020 	2021 	2021-01 	2021-02 	2021-03 	2021-04 	2021-05 	2021-06 	2021-07 	2021-08 	2021-09 	2021-10 	2021-11 	2021-12 	2022 	2022-01 	2022-02 	2022-03 	2022-04 	2022-05 	2022-06 	2022-07 	2022-08 	2022-09 	2022-10 	2022-11 	2022-12 	2023-01 	2023-02 	2023-03 	2023-04 	2023-05 	2023-06 
A,AT,EU27_2020_EXTRA,TOTAL,1,VALUE_IN_EUROS	34868782345 	43879513551 	: 	: 	: 	: 	: 	: 	: 	: 	: 	: 	: 	: 	55362828000 	: 	: 	: 	: 	: 	: 	: 	: 	: 	: 	: 	: 	: 	: 	: 	: 	: 	: 
A,AT,EU27_2020_EXTRA,TOTAL,2,VALUE_IN_EUROS	46470094565 	53002037109 	: 	: 	: 	: 	: 	: 	: 	: 	: 	: 	: 	: 	61138102869 	: 	: 	: 	: 	: 	: 	: 	: 	: 	: 	: 	: 	: 	: 	: 	: 	: 	: 
A,AT,EU27_2020_INTRA,TOTAL,1,VALUE_IN_EUROS	116065916062 	141852760883 	: 	: 	: 	: 	: 	: 	: 	: 	: 	: 	: 	: 	166628971755 	: 	: 	: 	: 	: 	: 	: 	: 	: 	: 	: 	: 	: 	: 	: 	: 	: 	: 
A,AT,EU27_2020_INTRA,TOTAL,2,VALUE_IN_EUROS	101817904076 	118539195780 	: 	: 	: 	: 	: 	: 	: 	: 	: 	: 	: 	: 	140260295499 	: 	: 	: 	: 	: 	: 	: 	: 	: 	: 	: 	: 	: 	: 	: 	: 	: 	: 
A,AT,WORLD,TOTAL,1,VALUE_IN_EUROS	150934698407 	185732274434 	: 	: 	: 	: 	: 	: 	: 	: 	: 	: 	: 	: 	221991799755 	: 	: 	: 	: 	: 	: 	: 	: 	: 	: 	: 	: 	: 	: 	: 	: 	: 	: 
A,AT,WORLD,TOTAL,2,VALUE_IN_EUROS	148287998641 	171541232889 	: 	: 	: 	: 	: 	: 	: 	: 	: 	: 	: 	: 	201398398368 	: 	: 	: 	: 	: 	: 	: 	: 	: 	: 	: 	: 	: 	: 	: 	: 	: 	: 
A,BE,EU27_2020_EXTRA,TOTAL,1,VALUE_IN_EUROS	135171653839 	166912399408 	: 	: 	: 	: 	: 	: 	: 	: 	: 	: 	: 	: 	246287875432 	: 	: 	: 	: 	: 	: 	: 	: 	: 	: 	: 	: 	: 	: 	: 	: 	: 	: 
A,BE,EU27_2020_EXTRA,TOTAL,2,VALUE_IN_EUROS	130393427650 	154656698626 	: 	: 	: 	: 	: 	: 	: 	: 	: 	: 	: 	: 	193461879465 	: 	: 	: 	: 	: 	: 	: 	: 	: 	: 	: 	: 	: 	: 	: 	: 	: 	: 
A,BE,EU27_2020_INTRA,TOTAL,1,VALUE_IN_EUROS	213226901117 	279601887403 	: 	: 	: 	: 	: 	: 	: 	: 	: 	: 	: 	: 	346625808824 	: 	: 	: 	: 	: 	: 	: 	: 	: 	: 	: 	: 	: 	: 	: 	: 	: 	: 
A,BE,EU27_2020_INTRA,TOTAL,2,VALUE_IN_EUROS	238856379346 	310026960399 	: 	: 	: 	: 	: 	: 	: 	: 	: 	: 	: 	: 	410664159092 	: 	: 	: 	: 	: 	: 	: 	: 	: 	: 	: 	: 	: 	: 	: 	: 	: 	: 
A,BE,WORLD,TOTAL,1,VALUE_IN_EUROS	348398554956 	446514286811 	: 	: 	: 	: 	: 	: 	: 	: 	: 	: 	: 	: 	592913684256 	: 	: 	: 	: 	: 	: 	: 	: 	: 	: 	: 	: 	: 	: 	: 	: 	: 	: 
A,BE,WORLD,TOTAL,2,VALUE_IN_EUROS	369249806996 	464683659025 	: 	: 	: 	: 	: 	: 	: 	: 	: 	: 	: 	: 	604126038557 	: 	: 	: 	: 	: 	: 	: 	: 	: 	: 	: 	: 	: 	: 	: 	: 	: 	: 
A,BG,EU27_2020_EXTRA,TOTAL,1,VALUE_IN_EUROS	11944466118 	15438076199 	: 	: 	: 	: 	: 	: 	: 	: 	: 	: 	: 	: 	24637208162 	: 	: 	: 	: 	: 	: 	: 	: 	: 	: 	: 	: 	: 	: 	: 	: 	: 	: 
A,BG,EU27_2020_EXTRA,TOTAL,2,VALUE_IN_EUROS	9639201365 	11675428590 	: 	: 	: 	: 	: 	: 	: 	: 	: 	: 	: 	: 	16421168739 	: 	: 	: 	: 	: 	: 	: 	: 	: 	: 	: 	: 	: 	: 	: 	: 	: 	: 
A,BG,EU27_2020_INTRA,TOTAL,1,VALUE_IN_EUROS	18704352552 	23690000231 	: 	: 	: 	: 	: 	: 	: 	: 	: 	: 	: 	: 	30626660688 	: 	: 	: 	: 	: 	: 	: 	: 	: 	: 	: 	: 	: 	: 	: 	: 	: 	: 
A,BG,EU27_2020_INTRA,TOTAL,2,VALUE_IN_EUROS	18327673975 	23146824590 	: 	: 	: 	: 	: 	: 	: 	: 	: 	: 	: 	: 	31383790941 	: 	: 	: 	: 	: 	: 	: 	: 	: 	: 	: 	: 	: 	: 	: 	: 	: 	: 
A,BG,WORLD,TOTAL,1,VALUE_IN_EUROS	30648818670 	39128076430 	: 	: 	: 	: 	: 	: 	: 	: 	: 	: 	: 	: 	55263868850 	: 	: 	: 	: 	: 	: 	: 	: 	: 	: 	: 	: 	: 	: 	: 	: 	: 	: 
A,BG,WORLD,TOTAL,2,VALUE_IN_EUROS	27966875340 	34822253180 	: 	: 	: 	: 	: 	: 	: 	: 	: 	: 	: 	: 	47804959680 	: 	: 	: 	: 	: 	: 	: 	: 	: 	: 	: 	: 	: 	: 	: 	: 	: 	: 
A,CY,EU27_2020_EXTRA,TOTAL,1,VALUE_IN_EUROS	3230467931 	3093089909 	: 	: 	: 	: 	: 	: 	: 	: 	: 	: 	: 	: 	4563986346 	: 	: 	: 	: 	: 	: 	: 	: 	: 	: 	: 	: 	: 	: 	: 	: 	: 	: 
A,CY,EU27_2020_EXTRA,TOTAL,2,VALUE_IN_EUROS	1782531276 	2385195984 	: 	: 	: 	: 	: 	: 	: 	: 	: 	: 	: 	: 	3051167986 	: 	: 	: 	: 	: 	: 	: 	: 	: 	: 	: 	: 	: 	: 	: 	: 	: 	: 
A,CY,EU27_2020_INTRA,TOTAL,1,VALUE_IN_EUROS	4427249790 	5704857409 	: 	: 	: 	: 	: 	: 	: 	: 	: 	: 	: 	: 	6866412408 	: 	: 	: 	: 	: 	: 	: 	: 	: 	: 	: 	: 	: 	: 	: 	: 	: 	: 
A,CY,EU27_2020_INTRA,TOTAL,2,VALUE_IN_EUROS	914376001 	931315272 	: 	: 	: 	: 	: 	: 	: 	: 	: 	: 	: 	: 	1083973681 	: 	: 	: 	: 	: 	: 	: 	: 	: 	: 	: 	: 	: 	: 	: 	: 	: 	: 
A,CY,WORLD,TOTAL,1,VALUE_IN_EUROS	7657717721 	8797947318 	: 	: 	: 	: 	: 	: 	: 	: 	: 	: 	: 	: 	11430398754 	: 	: 	: 	: 	: 	: 	: 	: 	: 	: 	: 	: 	: 	: 	: 	: 	: 	: 
A,CY,WORLD,TOTAL,2,VALUE_IN_EUROS	2696907277 	3316511256 	: 	: 	: 	: 	: 	: 	: 	: 	: 	: 	: 	: 	4135141667 	: 	: 	: 	: 	: 	: 	: 	: 	: 	: 	: 	: 	: 	: 	: 	: 	: 	: 
A,CZ,EU27_2020_EXTRA,TOTAL,1,VALUE_IN_EUROS	40533466011 	47083107483 	: 	: 	: 	: 	: 	: 	: 	: 	: 	: 	: 	: 	62982565110 	: 	: 	: 	: 	: 	: 	: 	: 	: 	: 	: 	: 	: 	: 	: 	: 	: 	: 
A,CZ,EU27_2020_EXTRA,TOTAL,2,VALUE_IN_EUROS	33971730848 	37464299062 	: 	: 	: 	: 	: 	: 	: 	: 	: 	: 	: 	: 	42416149297 	: 	: 	: 	: 	: 	: 	: 	: 	: 	: 	: 	: 	: 	: 	: 	: 	: 	: 
A,CZ,EU27_2020_INTRA,TOTAL,1,VALUE_IN_EUROS	109031087436 	132246959694 	: 	: 	: 	: 	: 	: 	: 	: 	: 	: 	: 	: 	162202355980 	: 	: 	: 	: 	: 	: 	: 	: 	: 	: 	: 	: 	: 	: 	: 	: 	: 	: 
A,CZ,EU27_2020_INTRA,TOTAL,2,VALUE_IN_EUROS	133625655960 	154106661023 	: 	: 	: 	: 	: 	: 	: 	: 	: 	: 	: 	: 	187826539020 	: 	: 	: 	: 	: 	: 	: 	: 	: 	: 	: 	: 	: 	: 	: 	: 	: 	: 
A,CZ,WORLD,TOTAL,1,VALUE_IN_EUROS	149564553447 	179330067177 	: 	: 	: 	: 	: 	: 	: 	: 	: 	: 	: 	: 	225184921090 	: 	: 	: 	: 	: 	: 	: 	: 	: 	: 	: 	: 	: 	: 	: 	: 	: 	: 
A,CZ,WORLD,TOTAL,2,VALUE_IN_EUROS	167597386808 	191570960085 	: 	: 	: 	: 	: 	: 	: 	: 	: 	: 	: 	: 	230242688317 	: 	: 	: 	: 	: 	: 	: 	: 	: 	: 	: 	: 	: 	: 	: 	: 	: 	: 
A,DE,EU27_2020_EXTRA,TOTAL,1,VALUE_IN_EUROS	378449499703 	437236696105 	: 	: 	: 	: 	: 	: 	: 	: 	: 	: 	: 	: 	586323138643 	: 	: 	: 	: 	: 	: 	: 	: 	: 	: 	: 	: 	: 	: 	: 	: 	: 	: 
A,DE,EU27_2020_EXTRA,TOTAL,2,VALUE_IN_EUROS	573169962144 	632719703451 	: 	: 	: 	: 	: 	: 	: 	: 	: 	: 	: 	: 	714593025257 	: 	: 	: 	: 	: 	: 	: 	: 	: 	: 	: 	: 	: 	: 	: 	: 	: 	: 
A,DE,EU27_2020_INTRA,TOTAL,1,VALUE_IN_EUROS	647041265946 	765689795097 	: 	: 	: 	: 	: 	: 	: 	: 	: 	: 	: 	: 	907905706223 	: 	: 	: 	: 	: 	: 	: 	: 	: 	: 	: 	: 	: 	: 	: 	: 	: 	: 
A,DE,EU27_2020_INTRA,TOTAL,2,VALUE_IN_EUROS	636037726308 	751424768464 	: 	: 	: 	: 	: 	: 	: 	: 	: 	: 	: 	: 	861433881783 	: 	: 	: 	: 	: 	: 	: 	: 	: 	: 	: 	: 	: 	: 	: 	: 	: 	: 
A,DE,WORLD,TOTAL,1,VALUE_IN_EUROS	1025490765649 	1202926491202 	: 	: 	: 	: 	: 	: 	: 	: 	: 	: 	: 	: 	1494228844866 	: 	: 	: 	: 	: 	: 	: 	: 	: 	: 	: 	: 	: 	: 	: 	: 	: 	: 
A,DE,WORLD,TOTAL,2,VALUE_IN_EUROS	1209207688452 	1384144471915 	: 	: 	: 	: 	: 	: 	: 	: 	: 	: 	: 	: 	1576026907040 	: 	: 	: 	: 	: 	: 	: 	: 	: 	: 	: 	: 	: 	: 	: 	: 	: 	: 
A,DK,EU27_2020_EXTRA,TOTAL,1,VALUE_IN_EUROS	26672365037 	32554481178 	: 	: 	: 	: 	: 	: 	: 	: 	: 	: 	: 	: 	40713189526 	: 	: 	: 	: 	: 	: 	: 	: 	: 	: 	: 	: 	: 	: 	: 	: 	: 	: 
A,DK,EU27_2020_EXTRA,TOTAL,2,VALUE_IN_EUROS	45823358319 	50099929358 	: 	: 	: 	: 	: 	: 	: 	: 	: 	: 	: 	: 	54656548781 	: 	: 	: 	: 	: 	: 	: 	: 	: 	: 	: 	: 	: 	: 	: 	: 	: 	: 
A,DK,EU27_2020_INTRA,TOTAL,1,VALUE_IN_EUROS	59334630590 	69256748950 	: 	: 	: 	: 	: 	: 	: 	: 	: 	: 	: 	: 	80590185406 	: 	: 	: 	: 	: 	: 	: 	: 	: 	: 	: 	: 	: 	: 	: 	: 	: 	: 
A,DK,EU27_2020_INTRA,TOTAL,2,VALUE_IN_EUROS	49204166230 	56433239159 	: 	: 	: 	: 	: 	: 	: 	: 	: 	: 	: 	: 	68349718141 	: 	: 	: 	: 	: 	: 	: 	: 	: 	: 	: 	: 	: 	: 	: 	: 	: 	: 
A,DK,WORLD,TOTAL,1,VALUE_IN_EUROS	86006995627 	101811230128 	: 	: 	: 	: 	: 	: 	: 	: 	: 	: 	: 	: 	121303374932 	: 	: 	: 	: 	: 	: 	: 	: 	: 	: 	: 	: 	: 	: 	: 	: 	: 	: 
A,DK,WORLD,TOTAL,2,VALUE_IN_EUROS	95027524549 	106533168517 	: 	: 	: 	: 	: 	: 	: 	: 	: 	: 	: 	: 	123006266922 	: 	: 	: 	: 	: 	: 	: 	: 	: 	: 	: 	: 	: 	: 	: 	: 	: 	: 
A,EE,EU27_2020_EXTRA,TOTAL,1,VALUE_IN_EUROS	3759479343 	5585301471 	: 	: 	: 	: 	: 	: 	: 	: 	: 	: 	: 	: 	5541870056 	: 	: 	: 	: 	: 	: 	: 	: 	: 	: 	: 	: 	: 	: 	: 	: 	: 	: 
A,EE,EU27_2020_EXTRA,TOTAL,2,VALUE_IN_EUROS	4824975405 	6005545094 	: 	: 	: 	: 	: 	: 	: 	: 	: 	: 	: 	: 	6465489680 	: 	: 	: 	: 	: 	: 	: 	: 	: 	: 	: 	: 	: 	: 	: 	: 	: 	: 
A,EE,EU27_2020_INTRA,TOTAL,1,VALUE_IN_EUROS	11380273624 	14436318558 	: 	: 	: 	: 	: 	: 	: 	: 	: 	: 	: 	: 	19391217694 	: 	: 	: 	: 	: 	: 	: 	: 	: 	: 	: 	: 	: 	: 	: 	: 	: 	: 
A,EE,EU27_2020_INTRA,TOTAL,2,VALUE_IN_EUROS	9448516774 	12231219366 	: 	: 	: 	: 	: 	: 	: 	: 	: 	: 	: 	: 	14834884510 	: 	: 	: 	: 	: 	: 	: 	: 	: 	: 	: 	: 	: 	: 	: 	: 	: 	: 
A,EE,WORLD,TOTAL,1,VALUE_IN_EUROS	15139752967 	20021620029 	: 	: 	: 	: 	: 	: 	: 	: 	: 	: 	: 	: 	24933087750 	: 	: 	: 	: 	: 	: 	: 	: 	: 	: 	: 	: 	: 	: 	: 	: 	: 	: 
A,EE,WORLD,TOTAL,2,VALUE_IN_EUROS	14273492179 	18236764460 	: 	: 	: 	: 	: 	: 	: 	: 	: 	: 	: 	: 	21300374190 	: 	: 	: 	: 	: 	: 	: 	: 	: 	: 	: 	: 	: 	: 	: 	: 	: 	: 
A,ES,EU27_2020_EXTRA,TOTAL,1,VALUE_IN_EUROS	123402773530 	161318432328 	: 	: 	: 	: 	: 	: 	: 	: 	: 	: 	: 	: 	232771281322 	: 	: 	: 	: 	: 	: 	: 	: 	: 	: 	: 	: 	: 	: 	: 	: 	: 	: 
A,ES,EU27_2020_EXTRA,TOTAL,2,VALUE_IN_EUROS	104380805113 	121869339529 	: 	: 	: 	: 	: 	: 	: 	: 	: 	: 	: 	: 	145315292716 	: 	: 	: 	: 	: 	: 	: 	: 	: 	: 	: 	: 	: 	: 	: 	: 	: 	: 
A,ES,EU27_2020_INTRA,TOTAL,1,VALUE_IN_EUROS	161812587806 	194123529725 	: 	: 	: 	: 	: 	: 	: 	: 	: 	: 	: 	: 	236239482019 	: 	: 	: 	: 	: 	: 	: 	: 	: 	: 	: 	: 	: 	: 	: 	: 	: 	: 
A,ES,EU27_2020_INTRA,TOTAL,2,VALUE_IN_EUROS	165140152225 	199565574042 	: 	: 	: 	: 	: 	: 	: 	: 	: 	: 	: 	: 	252336996636 	: 	: 	: 	: 	: 	: 	: 	: 	: 	: 	: 	: 	: 	: 	: 	: 	: 	: 
A,ES,WORLD,TOTAL,1,VALUE_IN_EUROS	285215361336 	355441962053 	: 	: 	: 	: 	: 	: 	: 	: 	: 	: 	: 	: 	469010763341 	: 	: 	: 	: 	: 	: 	: 	: 	: 	: 	: 	: 	: 	: 	: 	: 	: 	: 
A,ES,WORLD,TOTAL,2,VALUE_IN_EUROS	269520957338 	321434913571 	: 	: 	: 	: 	: 	: 	: 	: 	: 	: 	: 	: 	397652289352 	: 	: 	: 	: 	: 	: 	: 	: 	: 	: 	: 	: 	: 	: 	: 	: 	: 	: 
A,EU27_2020,EU27_2020_EXTRA,TOTAL,1,VALUE_IN_EUROS	1717438620633 	2126020457668 	: 	: 	: 	: 	: 	: 	: 	: 	: 	: 	: 	: 	3003574169425 	: 	: 	: 	: 	: 	: 	: 	: 	: 	: 	: 	: 	: 	: 	: 	: 	: 	: 
A,EU27_2020,EU27_2020_EXTRA,TOTAL,2,VALUE_IN_EUROS	1932726649757 	2181018189401 	: 	: 	: 	: 	: 	: 	: 	: 	: 	: 	: 	: 	2571925378941 	: 	: 	: 	: 	: 	: 	: 	: 	: 	: 	: 	: 	: 	: 	: 	: 	: 	: 
A,EU27_2020,EU27_2020_INTRA,TOTAL,1,VALUE_IN_EUROS	2792943855565 	3383934119525 	: 	: 	: 	: 	: 	: 	: 	: 	: 	: 	: 	: 	4103003786342 	: 	: 	: 	: 	: 	: 	: 	: 	: 	: 	: 	: 	: 	: 	: 	: 	: 	: 
A,EU27_2020,EU27_2020_INTRA,TOTAL,2,VALUE_IN_EUROS	2855438582055 	3442534626783 	: 	: 	: 	: 	: 	: 	: 	: 	: 	: 	: 	: 	4230452214161 	: 	: 	: 	: 	: 	: 	: 	: 	: 	: 	: 	: 	: 	: 	: 	: 	: 	: 
A,FI,EU27_2020_EXTRA,TOTAL,1,VALUE_IN_EUROS	16960010810 	22093396524 	: 	: 	: 	: 	: 	: 	: 	: 	: 	: 	: 	: 	31499614512 	: 	: 	: 	: 	: 	: 	: 	: 	: 	: 	: 	: 	: 	: 	: 	: 	: 	: 
A,FI,EU27_2020_EXTRA,TOTAL,2,VALUE_IN_EUROS	26494392080 	30440073930 	: 	: 	: 	: 	: 	: 	: 	: 	: 	: 	: 	: 	35791264548 	: 	: 	: 	: 	: 	: 	: 	: 	: 	: 	: 	: 	: 	: 	: 	: 	: 	: 
A,FI,EU27_2020_INTRA,TOTAL,1,VALUE_IN_EUROS	42797289653 	50774377098 	: 	: 	: 	: 	: 	: 	: 	: 	: 	: 	: 	: 	60969763314 	: 	: 	: 	: 	: 	: 	: 	: 	: 	: 	: 	: 	: 	: 	: 	: 	: 	: 
A,FI,EU27_2020_INTRA,TOTAL,2,VALUE_IN_EUROS	31380070230 	39031220615 	: 	: 	: 	: 	: 	: 	: 	: 	: 	: 	: 	: 	46093403347 	: 	: 	: 	: 	: 	: 	: 	: 	: 	: 	: 	: 	: 	: 	: 	: 	: 	: 
A,FI,WORLD,TOTAL,1,VALUE_IN_EUROS	59757300463 	72867773622 	: 	: 	: 	: 	: 	: 	: 	: 	: 	: 	: 	: 	92469377826 	: 	: 	: 	: 	: 	: 	: 	: 	: 	: 	: 	: 	: 	: 	: 	: 	: 	: 
A,FI,WORLD,TOTAL,2,VALUE_IN_EUROS	57874462310 	69471294545 	: 	: 	: 	: 	: 	: 	: 	: 	: 	: 	: 	: 	81884667895 	: 	: 	: 	: 	: 	: 	: 	: 	: 	: 	: 	: 	: 	: 	: 	: 	: 	: 
A,FR,EU27_2020_EXTRA,TOTAL,1,VALUE_IN_EUROS	172223182391 	205766161168 	: 	: 	: 	: 	: 	: 	: 	: 	: 	: 	: 	: 	300479211557 	: 	: 	: 	: 	: 	: 	: 	: 	: 	: 	: 	: 	: 	: 	: 	: 	: 	: 
A,FR,EU27_2020_EXTRA,TOTAL,2,VALUE_IN_EUROS	198404292667 	224530351760 	: 	: 	: 	: 	: 	: 	: 	: 	: 	: 	: 	: 	259056817163 	: 	: 	: 	: 	: 	: 	: 	: 	: 	: 	: 	: 	: 	: 	: 	: 	: 	: 
A,FR,EU27_2020_INTRA,TOTAL,1,VALUE_IN_EUROS	336276157915 	399488372047 	: 	: 	: 	: 	: 	: 	: 	: 	: 	: 	: 	: 	477613622163 	: 	: 	: 	: 	: 	: 	: 	: 	: 	: 	: 	: 	: 	: 	: 	: 	: 	: 
A,FR,EU27_2020_INTRA,TOTAL,2,VALUE_IN_EUROS	228831891486 	270418464437 	: 	: 	: 	: 	: 	: 	: 	: 	: 	: 	: 	: 	328128039522 	: 	: 	: 	: 	: 	: 	: 	: 	: 	: 	: 	: 	: 	: 	: 	: 	: 	: 
A,FR,WORLD,TOTAL,1,VALUE_IN_EUROS	508499340306 	605254533215 	: 	: 	: 	: 	: 	: 	: 	: 	: 	: 	: 	: 	778092833720 	: 	: 	: 	: 	: 	: 	: 	: 	: 	: 	: 	: 	: 	: 	: 	: 	: 	: 
A,FR,WORLD,TOTAL,2,VALUE_IN_EUROS	427236184153 	494948816197 	: 	: 	: 	: 	: 	: 	: 	: 	: 	: 	: 	: 	587184856685 	: 	: 	: 	: 	: 	: 	: 	: 	: 	: 	: 	: 	: 	: 	: 	: 	: 	: 
A,GR,EU27_2020_EXTRA,TOTAL,1,VALUE_IN_EUROS	20978784512 	31632165260 	: 	: 	: 	: 	: 	: 	: 	: 	: 	: 	: 	: 	53244993529 	: 	: 	: 	: 	: 	: 	: 	: 	: 	: 	: 	: 	: 	: 	: 	: 	: 	: 
A,GR,EU27_2020_EXTRA,TOTAL,2,VALUE_IN_EUROS	13096625843 	18473604011 	: 	: 	: 	: 	: 	: 	: 	: 	: 	: 	: 	: 	24542137345 	: 	: 	: 	: 	: 	: 	: 	: 	: 	: 	: 	: 	: 	: 	: 	: 	: 	: 
A,GR,EU27_2020_INTRA,TOTAL,1,VALUE_IN_EUROS	27975024496 	33734737393 	: 	: 	: 	: 	: 	: 	: 	: 	: 	: 	: 	: 	39803345091 	: 	: 	: 	: 	: 	: 	: 	: 	: 	: 	: 	: 	: 	: 	: 	: 	: 	: 
A,GR,EU27_2020_INTRA,TOTAL,2,VALUE_IN_EUROS	17704053535 	21497942317 	: 	: 	: 	: 	: 	: 	: 	: 	: 	: 	: 	: 	30134240579 	: 	: 	: 	: 	: 	: 	: 	: 	: 	: 	: 	: 	: 	: 	: 	: 	: 	: 
A,GR,WORLD,TOTAL,1,VALUE_IN_EUROS	48953809008 	65366902653 	: 	: 	: 	: 	: 	: 	: 	: 	: 	: 	: 	: 	93048338620 	: 	: 	: 	: 	: 	: 	: 	: 	: 	: 	: 	: 	: 	: 	: 	: 	: 	: 
A,GR,WORLD,TOTAL,2,VALUE_IN_EUROS	30800679378 	39971546328 	: 	: 	: 	: 	: 	: 	: 	: 	: 	: 	: 	: 	54676377924 	: 	: 	: 	: 	: 	: 	: 	: 	: 	: 	: 	: 	: 	: 	: 	: 	: 	: 
A,HR,EU27_2020_EXTRA,TOTAL,1,VALUE_IN_EUROS	5383786752 	7511221916 	: 	: 	: 	: 	: 	: 	: 	: 	: 	: 	: 	: 	12929682358 	: 	: 	: 	: 	: 	: 	: 	: 	: 	: 	: 	: 	: 	: 	: 	: 	: 	: 
A,HR,EU27_2020_EXTRA,TOTAL,2,VALUE_IN_EUROS	4906908263 	6031824196 	: 	: 	: 	: 	: 	: 	: 	: 	: 	: 	: 	: 	7692374543 	: 	: 	: 	: 	: 	: 	: 	: 	: 	: 	: 	: 	: 	: 	: 	: 	: 	: 
A,HR,EU27_2020_INTRA,TOTAL,1,VALUE_IN_EUROS	18093838436 	21719079675 	: 	: 	: 	: 	: 	: 	: 	: 	: 	: 	: 	: 	29570782799 	: 	: 	: 	: 	: 	: 	: 	: 	: 	: 	: 	: 	: 	: 	: 	: 	: 	: 
A,HR,EU27_2020_INTRA,TOTAL,2,VALUE_IN_EUROS	10115664033 	12489008628 	: 	: 	: 	: 	: 	: 	: 	: 	: 	: 	: 	: 	16591874477 	: 	: 	: 	: 	: 	: 	: 	: 	: 	: 	: 	: 	: 	: 	: 	: 	: 	: 
A,HR,WORLD,TOTAL,1,VALUE_IN_EUROS	23477625188 	29230301591 	: 	: 	: 	: 	: 	: 	: 	: 	: 	: 	: 	: 	42500465157 	: 	: 	: 	: 	: 	: 	: 	: 	: 	: 	: 	: 	: 	: 	: 	: 	: 	: 
A,HR,WORLD,TOTAL,2,VALUE_IN_EUROS	15022572296 	18520832824 	: 	: 	: 	: 	: 	: 	: 	: 	: 	: 	: 	: 	24284249020 	: 	: 	: 	: 	: 	: 	: 	: 	: 	: 	: 	: 	: 	: 	: 	: 	: 	: 
A,HU,EU27_2020_EXTRA,TOTAL,1,VALUE_IN_EUROS	29804023217 	34767441647 	: 	: 	: 	: 	: 	: 	: 	: 	: 	: 	: 	: 	49678981879 	: 	: 	: 	: 	: 	: 	: 	: 	: 	: 	: 	: 	: 	: 	: 	: 	: 	: 
A,HU,EU27_2020_EXTRA,TOTAL,2,VALUE_IN_EUROS	22775132836 	26202801540 	: 	: 	: 	: 	: 	: 	: 	: 	: 	: 	: 	: 	31281111367 	: 	: 	: 	: 	: 	: 	: 	: 	: 	: 	: 	: 	: 	: 	: 	: 	: 	: 
A,HU,EU27_2020_INTRA,TOTAL,1,VALUE_IN_EUROS	71612443087 	86158012072 	: 	: 	: 	: 	: 	: 	: 	: 	: 	: 	: 	: 	106696307534 	: 	: 	: 	: 	: 	: 	: 	: 	: 	: 	: 	: 	: 	: 	: 	: 	: 	: 
A,HU,EU27_2020_INTRA,TOTAL,2,VALUE_IN_EUROS	82653357485 	93709293239 	: 	: 	: 	: 	: 	: 	: 	: 	: 	: 	: 	: 	112803223725 	: 	: 	: 	: 	: 	: 	: 	: 	: 	: 	: 	: 	: 	: 	: 	: 	: 	: 
A,HU,WORLD,TOTAL,1,VALUE_IN_EUROS	101416466304 	120925453719 	: 	: 	: 	: 	: 	: 	: 	: 	: 	: 	: 	: 	156375289413 	: 	: 	: 	: 	: 	: 	: 	: 	: 	: 	: 	: 	: 	: 	: 	: 	: 	: 
A,HU,WORLD,TOTAL,2,VALUE_IN_EUROS	105428490321 	119912094779 	: 	: 	: 	: 	: 	: 	: 	: 	: 	: 	: 	: 	144084335092 	: 	: 	: 	: 	: 	: 	: 	: 	: 	: 	: 	: 	: 	: 	: 	: 	: 	: 
A,IE,EU27_2020_EXTRA,TOTAL,1,VALUE_IN_EUROS	54154622282 	63241047268 	: 	: 	: 	: 	: 	: 	: 	: 	: 	: 	: 	: 	90797119259 	: 	: 	: 	: 	: 	: 	: 	: 	: 	: 	: 	: 	: 	: 	: 	: 	: 	: 
A,IE,EU27_2020_EXTRA,TOTAL,2,VALUE_IN_EUROS	93880792963 	99756393511 	: 	: 	: 	: 	: 	: 	: 	: 	: 	: 	: 	: 	122677722511 	: 	: 	: 	: 	: 	: 	: 	: 	: 	: 	: 	: 	: 	: 	: 	: 	: 	: 
A,IE,EU27_2020_INTRA,TOTAL,1,VALUE_IN_EUROS	33046099462 	38684561900 	: 	: 	: 	: 	: 	: 	: 	: 	: 	: 	: 	: 	48261005383 	: 	: 	: 	: 	: 	: 	: 	: 	: 	: 	: 	: 	: 	: 	: 	: 	: 	: 
A,IE,EU27_2020_INTRA,TOTAL,2,VALUE_IN_EUROS	63947535657 	61448466813 	: 	: 	: 	: 	: 	: 	: 	: 	: 	: 	: 	: 	80353775362 	: 	: 	: 	: 	: 	: 	: 	: 	: 	: 	: 	: 	: 	: 	: 	: 	: 	: 
A,IE,WORLD,TOTAL,1,VALUE_IN_EUROS	87200721744 	101925609168 	: 	: 	: 	: 	: 	: 	: 	: 	: 	: 	: 	: 	139058124642 	: 	: 	: 	: 	: 	: 	: 	: 	: 	: 	: 	: 	: 	: 	: 	: 	: 	: 
A,IE,WORLD,TOTAL,2,VALUE_IN_EUROS	157828328620 	161204860324 	: 	: 	: 	: 	: 	: 	: 	: 	: 	: 	: 	: 	203031497873 	: 	: 	: 	: 	: 	: 	: 	: 	: 	: 	: 	: 	: 	: 	: 	: 	: 	: 
A,IT,EU27_2020_EXTRA,TOTAL,1,VALUE_IN_EUROS	155541660882 	208220841056 	: 	: 	: 	: 	: 	: 	: 	: 	: 	: 	: 	: 	321439631814 	: 	: 	: 	: 	: 	: 	: 	: 	: 	: 	: 	: 	: 	: 	: 	: 	: 	: 
A,IT,EU27_2020_EXTRA,TOTAL,2,VALUE_IN_EUROS	211925021478 	246169283907 	: 	: 	: 	: 	: 	: 	: 	: 	: 	: 	: 	: 	295791591971 	: 	: 	: 	: 	: 	: 	: 	: 	: 	: 	: 	: 	: 	: 	: 	: 	: 	: 
A,IT,EU27_2020_INTRA,TOTAL,1,VALUE_IN_EUROS	217886688499 	272216547230 	: 	: 	: 	: 	: 	: 	: 	: 	: 	: 	: 	: 	333988966918 	: 	: 	: 	: 	: 	: 	: 	: 	: 	: 	: 	: 	: 	: 	: 	: 	: 	: 
A,IT,EU27_2020_INTRA,TOTAL,2,VALUE_IN_EUROS	224792816532 	274601814844 	: 	: 	: 	: 	: 	: 	: 	: 	: 	: 	: 	: 	328918543324 	: 	: 	: 	: 	: 	: 	: 	: 	: 	: 	: 	: 	: 	: 	: 	: 	: 	: 
A,IT,WORLD,TOTAL,1,VALUE_IN_EUROS	373428349381 	480437388286 	: 	: 	: 	: 	: 	: 	: 	: 	: 	: 	: 	: 	655428598732 	: 	: 	: 	: 	: 	: 	: 	: 	: 	: 	: 	: 	: 	: 	: 	: 	: 	: 
A,IT,WORLD,TOTAL,2,VALUE_IN_EUROS	436717838010 	520771098751 	: 	: 	: 	: 	: 	: 	: 	: 	: 	: 	: 	: 	624710135295 	: 	: 	: 	: 	: 	: 	: 	: 	: 	: 	: 	: 	: 	: 	: 	: 	: 	: 
A,LT,EU27_2020_EXTRA,TOTAL,1,VALUE_IN_EUROS	8502613707 	11862991452 	: 	: 	: 	: 	: 	: 	: 	: 	: 	: 	: 	: 	19298547632 	: 	: 	: 	: 	: 	: 	: 	: 	: 	: 	: 	: 	: 	: 	: 	: 	: 	: 
A,LT,EU27_2020_EXTRA,TOTAL,2,VALUE_IN_EUROS	12618654503 	14613581179 	: 	: 	: 	: 	: 	: 	: 	: 	: 	: 	: 	: 	16736266295 	: 	: 	: 	: 	: 	: 	: 	: 	: 	: 	: 	: 	: 	: 	: 	: 	: 	: 
A,LT,EU27_2020_INTRA,TOTAL,1,VALUE_IN_EUROS	20624490034 	25827676974 	: 	: 	: 	: 	: 	: 	: 	: 	: 	: 	: 	: 	33243779322 	: 	: 	: 	: 	: 	: 	: 	: 	: 	: 	: 	: 	: 	: 	: 	: 	: 	: 
A,LT,EU27_2020_INTRA,TOTAL,2,VALUE_IN_EUROS	16029509266 	19861294734 	: 	: 	: 	: 	: 	: 	: 	: 	: 	: 	: 	: 	27576373726 	: 	: 	: 	: 	: 	: 	: 	: 	: 	: 	: 	: 	: 	: 	: 	: 	: 	: 
A,LT,WORLD,TOTAL,1,VALUE_IN_EUROS	29127103741 	37690668426 	: 	: 	: 	: 	: 	: 	: 	: 	: 	: 	: 	: 	52542326954 	: 	: 	: 	: 	: 	: 	: 	: 	: 	: 	: 	: 	: 	: 	: 	: 	: 	: 
A,LT,WORLD,TOTAL,2,VALUE_IN_EUROS	28648163769 	34474875913 	: 	: 	: 	: 	: 	: 	: 	: 	: 	: 	: 	: 	44312640021 	: 	: 	: 	: 	: 	: 	: 	: 	: 	: 	: 	: 	: 	: 	: 	: 	: 	: 
A,LU,EU27_2020_EXTRA,TOTAL,1,VALUE_IN_EUROS	2039185445 	2495042721 	: 	: 	: 	: 	: 	: 	: 	: 	: 	: 	: 	: 	2523985786 	: 	: 	: 	: 	: 	: 	: 	: 	: 	: 	: 	: 	: 	: 	: 	: 	: 	: 
A,LU,EU27_2020_EXTRA,TOTAL,2,VALUE_IN_EUROS	2377523938 	2730824281 	: 	: 	: 	: 	: 	: 	: 	: 	: 	: 	: 	: 	3177661022 	: 	: 	: 	: 	: 	: 	: 	: 	: 	: 	: 	: 	: 	: 	: 	: 	: 	: 
A,LU,EU27_2020_INTRA,TOTAL,1,VALUE_IN_EUROS	16465161088 	19651622914 	: 	: 	: 	: 	: 	: 	: 	: 	: 	: 	: 	: 	22662483585 	: 	: 	: 	: 	: 	: 	: 	: 	: 	: 	: 	: 	: 	: 	: 	: 	: 	: 
A,LU,EU27_2020_INTRA,TOTAL,2,VALUE_IN_EUROS	9735767267 	11477605967 	: 	: 	: 	: 	: 	: 	: 	: 	: 	: 	: 	: 	13227553648 	: 	: 	: 	: 	: 	: 	: 	: 	: 	: 	: 	: 	: 	: 	: 	: 	: 	: 
A,LU,WORLD,TOTAL,1,VALUE_IN_EUROS	18504346533 	22146665635 	: 	: 	: 	: 	: 	: 	: 	: 	: 	: 	: 	: 	25186469371 	: 	: 	: 	: 	: 	: 	: 	: 	: 	: 	: 	: 	: 	: 	: 	: 	: 	: 
A,LU,WORLD,TOTAL,2,VALUE_IN_EUROS	12113291205 	14208430248 	: 	: 	: 	: 	: 	: 	: 	: 	: 	: 	: 	: 	16405214670 	: 	: 	: 	: 	: 	: 	: 	: 	: 	: 	: 	: 	: 	: 	: 	: 	: 	: 
A,LV,EU27_2020_EXTRA,TOTAL,1,VALUE_IN_EUROS	3847116477 	5544534123 	: 	: 	: 	: 	: 	: 	: 	: 	: 	: 	: 	: 	6163249786 	: 	: 	: 	: 	: 	: 	: 	: 	: 	: 	: 	: 	: 	: 	: 	: 	: 	: 
A,LV,EU27_2020_EXTRA,TOTAL,2,VALUE_IN_EUROS	5444561523 	6415783830 	: 	: 	: 	: 	: 	: 	: 	: 	: 	: 	: 	: 	7913951672 	: 	: 	: 	: 	: 	: 	: 	: 	: 	: 	: 	: 	: 	: 	: 	: 	: 	: 
A,LV,EU27_2020_INTRA,TOTAL,1,VALUE_IN_EUROS	12255703717 	15150260588 	: 	: 	: 	: 	: 	: 	: 	: 	: 	: 	: 	: 	21958144020 	: 	: 	: 	: 	: 	: 	: 	: 	: 	: 	: 	: 	: 	: 	: 	: 	: 	: 
A,LV,EU27_2020_INTRA,TOTAL,2,VALUE_IN_EUROS	8821509405 	11234748044 	: 	: 	: 	: 	: 	: 	: 	: 	: 	: 	: 	: 	15068227730 	: 	: 	: 	: 	: 	: 	: 	: 	: 	: 	: 	: 	: 	: 	: 	: 	: 	: 
A,LV,WORLD,TOTAL,1,VALUE_IN_EUROS	16102820194 	20694794711 	: 	: 	: 	: 	: 	: 	: 	: 	: 	: 	: 	: 	28121393806 	: 	: 	: 	: 	: 	: 	: 	: 	: 	: 	: 	: 	: 	: 	: 	: 	: 	: 
A,LV,WORLD,TOTAL,2,VALUE_IN_EUROS	14266070928 	17650531874 	: 	: 	: 	: 	: 	: 	: 	: 	: 	: 	: 	: 	22982179402 	: 	: 	: 	: 	: 	: 	: 	: 	: 	: 	: 	: 	: 	: 	: 	: 	: 	: 
A,MT,EU27_2020_EXTRA,TOTAL,1,VALUE_IN_EUROS	1987137871 	2432452872 	: 	: 	: 	: 	: 	: 	: 	: 	: 	: 	: 	: 	3379382444 	: 	: 	: 	: 	: 	: 	: 	: 	: 	: 	: 	: 	: 	: 	: 	: 	: 	: 
A,MT,EU27_2020_EXTRA,TOTAL,2,VALUE_IN_EUROS	1224719167 	1345121864 	: 	: 	: 	: 	: 	: 	: 	: 	: 	: 	: 	: 	1619257021 	: 	: 	: 	: 	: 	: 	: 	: 	: 	: 	: 	: 	: 	: 	: 	: 	: 	: 
A,MT,EU27_2020_INTRA,TOTAL,1,VALUE_IN_EUROS	3034855302 	3605396519 	: 	: 	: 	: 	: 	: 	: 	: 	: 	: 	: 	: 	4753422781 	: 	: 	: 	: 	: 	: 	: 	: 	: 	: 	: 	: 	: 	: 	: 	: 	: 	: 
A,MT,EU27_2020_INTRA,TOTAL,2,VALUE_IN_EUROS	1254634782 	1247868030 	: 	: 	: 	: 	: 	: 	: 	: 	: 	: 	: 	: 	1482377724 	: 	: 	: 	: 	: 	: 	: 	: 	: 	: 	: 	: 	: 	: 	: 	: 	: 	: 
A,MT,WORLD,TOTAL,1,VALUE_IN_EUROS	5021993173 	6037849391 	: 	: 	: 	: 	: 	: 	: 	: 	: 	: 	: 	: 	8132805225 	: 	: 	: 	: 	: 	: 	: 	: 	: 	: 	: 	: 	: 	: 	: 	: 	: 	: 
A,MT,WORLD,TOTAL,2,VALUE_IN_EUROS	2479353949 	2592989894 	: 	: 	: 	: 	: 	: 	: 	: 	: 	: 	: 	: 	3101634745 	: 	: 	: 	: 	: 	: 	: 	: 	: 	: 	: 	: 	: 	: 	: 	: 	: 	: 
A,NL,EU27_2020_EXTRA,TOTAL,1,VALUE_IN_EUROS	303680269948 	377127486642 	: 	: 	: 	: 	: 	: 	: 	: 	: 	: 	: 	: 	524599085304 	: 	: 	: 	: 	: 	: 	: 	: 	: 	: 	: 	: 	: 	: 	: 	: 	: 	: 
A,NL,EU27_2020_EXTRA,TOTAL,2,VALUE_IN_EUROS	201831949243 	217449251623 	: 	: 	: 	: 	: 	: 	: 	: 	: 	: 	: 	: 	264392141625 	: 	: 	: 	: 	: 	: 	: 	: 	: 	: 	: 	: 	: 	: 	: 	: 	: 	: 
A,NL,EU27_2020_INTRA,TOTAL,1,VALUE_IN_EUROS	217083456102 	264349248299 	: 	: 	: 	: 	: 	: 	: 	: 	: 	: 	: 	: 	331168507410 	: 	: 	: 	: 	: 	: 	: 	: 	: 	: 	: 	: 	: 	: 	: 	: 	: 	: 
A,NL,EU27_2020_INTRA,TOTAL,2,VALUE_IN_EUROS	388401204693 	493620595902 	: 	: 	: 	: 	: 	: 	: 	: 	: 	: 	: 	: 	655580300587 	: 	: 	: 	: 	: 	: 	: 	: 	: 	: 	: 	: 	: 	: 	: 	: 	: 	: 
A,NL,WORLD,TOTAL,1,VALUE_IN_EUROS	520763726050 	641476734941 	: 	: 	: 	: 	: 	: 	: 	: 	: 	: 	: 	: 	855767592714 	: 	: 	: 	: 	: 	: 	: 	: 	: 	: 	: 	: 	: 	: 	: 	: 	: 	: 
A,NL,WORLD,TOTAL,2,VALUE_IN_EUROS	590233153936 	711069847525 	: 	: 	: 	: 	: 	: 	: 	: 	: 	: 	: 	: 	919972442212 	: 	: 	: 	: 	: 	: 	: 	: 	: 	: 	: 	: 	: 	: 	: 	: 	: 	: 
A,PL,EU27_2020_EXTRA,TOTAL,1,VALUE_IN_EUROS	73768119543 	97430772636 	: 	: 	: 	: 	: 	: 	: 	: 	: 	: 	: 	: 	131126411119 	: 	: 	: 	: 	: 	: 	: 	: 	: 	: 	: 	: 	: 	: 	: 	: 	: 	: 
A,PL,EU27_2020_EXTRA,TOTAL,2,VALUE_IN_EUROS	62136766367 	71979896714 	: 	: 	: 	: 	: 	: 	: 	: 	: 	: 	: 	: 	83907103433 	: 	: 	: 	: 	: 	: 	: 	: 	: 	: 	: 	: 	: 	: 	: 	: 	: 	: 
A,PL,EU27_2020_INTRA,TOTAL,1,VALUE_IN_EUROS	154883420872 	192229485795 	: 	: 	: 	: 	: 	: 	: 	: 	: 	: 	: 	: 	231414515291 	: 	: 	: 	: 	: 	: 	: 	: 	: 	: 	: 	: 	: 	: 	: 	: 	: 	: 
A,PL,EU27_2020_INTRA,TOTAL,2,VALUE_IN_EUROS	177076958350 	216200725270 	: 	: 	: 	: 	: 	: 	: 	: 	: 	: 	: 	: 	258986764362 	: 	: 	: 	: 	: 	: 	: 	: 	: 	: 	: 	: 	: 	: 	: 	: 	: 	: 
A,PL,WORLD,TOTAL,1,VALUE_IN_EUROS	228651540415 	289660258431 	: 	: 	: 	: 	: 	: 	: 	: 	: 	: 	: 	: 	362540926410 	: 	: 	: 	: 	: 	: 	: 	: 	: 	: 	: 	: 	: 	: 	: 	: 	: 	: 
A,PL,WORLD,TOTAL,2,VALUE_IN_EUROS	239213724717 	288180621984 	: 	: 	: 	: 	: 	: 	: 	: 	: 	: 	: 	: 	342893867795 	: 	: 	: 	: 	: 	: 	: 	: 	: 	: 	: 	: 	: 	: 	: 	: 	: 	: 
A,PT,EU27_2020_EXTRA,TOTAL,1,VALUE_IN_EUROS	17257660169 	21912563473 	: 	: 	: 	: 	: 	: 	: 	: 	: 	: 	: 	: 	33395034939 	: 	: 	: 	: 	: 	: 	: 	: 	: 	: 	: 	: 	: 	: 	: 	: 	: 	: 
A,PT,EU27_2020_EXTRA,TOTAL,2,VALUE_IN_EUROS	15387479915 	18108795459 	: 	: 	: 	: 	: 	: 	: 	: 	: 	: 	: 	: 	23111744407 	: 	: 	: 	: 	: 	: 	: 	: 	: 	: 	: 	: 	: 	: 	: 	: 	: 	: 
A,PT,EU27_2020_INTRA,TOTAL,1,VALUE_IN_EUROS	50887907803 	61233151336 	: 	: 	: 	: 	: 	: 	: 	: 	: 	: 	: 	: 	76090754415 	: 	: 	: 	: 	: 	: 	: 	: 	: 	: 	: 	: 	: 	: 	: 	: 	: 	: 
A,PT,EU27_2020_INTRA,TOTAL,2,VALUE_IN_EUROS	38369912649 	45509729829 	: 	: 	: 	: 	: 	: 	: 	: 	: 	: 	: 	: 	55290955906 	: 	: 	: 	: 	: 	: 	: 	: 	: 	: 	: 	: 	: 	: 	: 	: 	: 	: 
A,PT,WORLD,TOTAL,1,VALUE_IN_EUROS	68145567972 	83145714809 	: 	: 	: 	: 	: 	: 	: 	: 	: 	: 	: 	: 	109485789354 	: 	: 	: 	: 	: 	: 	: 	: 	: 	: 	: 	: 	: 	: 	: 	: 	: 	: 
A,PT,WORLD,TOTAL,2,VALUE_IN_EUROS	53757392564 	63618525288 	: 	: 	: 	: 	: 	: 	: 	: 	: 	: 	: 	: 	78402700313 	: 	: 	: 	: 	: 	: 	: 	: 	: 	: 	: 	: 	: 	: 	: 	: 	: 	: 
A,RO,EU27_2020_EXTRA,TOTAL,1,VALUE_IN_EUROS	21251461819 	27074509738 	: 	: 	: 	: 	: 	: 	: 	: 	: 	: 	: 	: 	36768640756 	: 	: 	: 	: 	: 	: 	: 	: 	: 	: 	: 	: 	: 	: 	: 	: 	: 	: 
A,RO,EU27_2020_EXTRA,TOTAL,2,VALUE_IN_EUROS	16004422010 	19831971001 	: 	: 	: 	: 	: 	: 	: 	: 	: 	: 	: 	: 	25463963113 	: 	: 	: 	: 	: 	: 	: 	: 	: 	: 	: 	: 	: 	: 	: 	: 	: 	: 
A,RO,EU27_2020_INTRA,TOTAL,1,VALUE_IN_EUROS	59230135782 	71260392743 	: 	: 	: 	: 	: 	: 	: 	: 	: 	: 	: 	: 	89331505801 	: 	: 	: 	: 	: 	: 	: 	: 	: 	: 	: 	: 	: 	: 	: 	: 	: 	: 
A,RO,EU27_2020_INTRA,TOTAL,2,VALUE_IN_EUROS	45771222412 	54091001029 	: 	: 	: 	: 	: 	: 	: 	: 	: 	: 	: 	: 	66452828783 	: 	: 	: 	: 	: 	: 	: 	: 	: 	: 	: 	: 	: 	: 	: 	: 	: 	: 
A,RO,WORLD,TOTAL,1,VALUE_IN_EUROS	80481597601 	98334902481 	: 	: 	: 	: 	: 	: 	: 	: 	: 	: 	: 	: 	126100146557 	: 	: 	: 	: 	: 	: 	: 	: 	: 	: 	: 	: 	: 	: 	: 	: 	: 	: 
A,RO,WORLD,TOTAL,2,VALUE_IN_EUROS	61775644422 	73922972030 	: 	: 	: 	: 	: 	: 	: 	: 	: 	: 	: 	: 	91916791896 	: 	: 	: 	: 	: 	: 	: 	: 	: 	: 	: 	: 	: 	: 	: 	: 	: 	: 
A,SE,EU27_2020_EXTRA,TOTAL,1,VALUE_IN_EUROS	42286535613 	53221415663 	: 	: 	: 	: 	: 	: 	: 	: 	: 	: 	: 	: 	70346601939 	: 	: 	: 	: 	: 	: 	: 	: 	: 	: 	: 	: 	: 	: 	: 	: 	: 	: 
A,SE,EU27_2020_EXTRA,TOTAL,2,VALUE_IN_EUROS	65090881896 	74258808744 	: 	: 	: 	: 	: 	: 	: 	: 	: 	: 	: 	: 	86441433094 	: 	: 	: 	: 	: 	: 	: 	: 	: 	: 	: 	: 	: 	: 	: 	: 	: 	: 
A,SE,EU27_2020_INTRA,TOTAL,1,VALUE_IN_EUROS	88892633185 	105147687175 	: 	: 	: 	: 	: 	: 	: 	: 	: 	: 	: 	: 	121877503264 	: 	: 	: 	: 	: 	: 	: 	: 	: 	: 	: 	: 	: 	: 	: 	: 	: 	: 
A,SE,EU27_2020_INTRA,TOTAL,2,VALUE_IN_EUROS	71017345992 	86078254972 	: 	: 	: 	: 	: 	: 	: 	: 	: 	: 	: 	: 	101514780041 	: 	: 	: 	: 	: 	: 	: 	: 	: 	: 	: 	: 	: 	: 	: 	: 	: 	: 
A,SE,WORLD,TOTAL,1,VALUE_IN_EUROS	131179168798 	158369102838 	: 	: 	: 	: 	: 	: 	: 	: 	: 	: 	: 	: 	192224105203 	: 	: 	: 	: 	: 	: 	: 	: 	: 	: 	: 	: 	: 	: 	: 	: 	: 	: 
A,SE,WORLD,TOTAL,2,VALUE_IN_EUROS	136108227888 	160337063716 	: 	: 	: 	: 	: 	: 	: 	: 	: 	: 	: 	: 	187956213135 	: 	: 	: 	: 	: 	: 	: 	: 	: 	: 	: 	: 	: 	: 	: 	: 	: 	: 
A,SI,EU27_2020_EXTRA,TOTAL,1,VALUE_IN_EUROS	15246482877 	21454718973 	: 	: 	: 	: 	: 	: 	: 	: 	: 	: 	: 	: 	31943319680 	: 	: 	: 	: 	: 	: 	: 	: 	: 	: 	: 	: 	: 	: 	: 	: 	: 	: 
A,SI,EU27_2020_EXTRA,TOTAL,2,VALUE_IN_EUROS	12814827117 	15678878764 	: 	: 	: 	: 	: 	: 	: 	: 	: 	: 	: 	: 	24638580575 	: 	: 	: 	: 	: 	: 	: 	: 	: 	: 	: 	: 	: 	: 	: 	: 	: 	: 
A,SI,EU27_2020_INTRA,TOTAL,1,VALUE_IN_EUROS	21667069489 	27326557282 	: 	: 	: 	: 	: 	: 	: 	: 	: 	: 	: 	: 	34412298180 	: 	: 	: 	: 	: 	: 	: 	: 	: 	: 	: 	: 	: 	: 	: 	: 	: 	: 
A,SI,EU27_2020_INTRA,TOTAL,2,VALUE_IN_EUROS	26432016618 	32865489772 	: 	: 	: 	: 	: 	: 	: 	: 	: 	: 	: 	: 	41772068516 	: 	: 	: 	: 	: 	: 	: 	: 	: 	: 	: 	: 	: 	: 	: 	: 	: 	: 
A,SI,WORLD,TOTAL,1,VALUE_IN_EUROS	36913552366 	48781276255 	: 	: 	: 	: 	: 	: 	: 	: 	: 	: 	: 	: 	66355617860 	: 	: 	: 	: 	: 	: 	: 	: 	: 	: 	: 	: 	: 	: 	: 	: 	: 	: 
A,SI,WORLD,TOTAL,2,VALUE_IN_EUROS	39246843735 	48544368536 	: 	: 	: 	: 	: 	: 	: 	: 	: 	: 	: 	: 	66410649091 	: 	: 	: 	: 	: 	: 	: 	: 	: 	: 	: 	: 	: 	: 	: 	: 	: 	: 
A,SK,EU27_2020_EXTRA,TOTAL,1,VALUE_IN_EUROS	14493012461 	19130596904 	: 	: 	: 	: 	: 	: 	: 	: 	: 	: 	: 	: 	24776732535 	: 	: 	: 	: 	: 	: 	: 	: 	: 	: 	: 	: 	: 	: 	: 	: 	: 	: 
A,SK,EU27_2020_EXTRA,TOTAL,2,VALUE_IN_EUROS	15855611263 	17122766284 	: 	: 	: 	: 	: 	: 	: 	: 	: 	: 	: 	: 	20171432446 	: 	: 	: 	: 	: 	: 	: 	: 	: 	: 	: 	: 	: 	: 	: 	: 	: 	: 
A,SK,EU27_2020_INTRA,TOTAL,1,VALUE_IN_EUROS	59207215720 	68774094535 	: 	: 	: 	: 	: 	: 	: 	: 	: 	: 	: 	: 	82110278074 	: 	: 	: 	: 	: 	: 	: 	: 	: 	: 	: 	: 	: 	: 	: 	: 	: 	: 
A,SK,EU27_2020_INTRA,TOTAL,2,VALUE_IN_EUROS	59730560768 	70745344246 	: 	: 	: 	: 	: 	: 	: 	: 	: 	: 	: 	: 	82302643499 	: 	: 	: 	: 	: 	: 	: 	: 	: 	: 	: 	: 	: 	: 	: 	: 	: 	: 
A,SK,WORLD,TOTAL,1,VALUE_IN_EUROS	73700228181 	87904691439 	: 	: 	: 	: 	: 	: 	: 	: 	: 	: 	: 	: 	106887010609 	: 	: 	: 	: 	: 	: 	: 	: 	: 	: 	: 	: 	: 	: 	: 	: 	: 	: 
A,SK,WORLD,TOTAL,2,VALUE_IN_EUROS	75586172031 	87868110530 	: 	: 	: 	: 	: 	: 	: 	: 	: 	: 	: 	: 	102474075945 	: 	: 	: 	: 	: 	: 	: 	: 	: 	: 	: 	: 	: 	: 	: 	: 	: 	: 
M,AT,EU27_2020_EXTRA,TOTAL,1,VALUE_IN_EUROS	: 	: 	2879014095 	2936571669 	3894270920 	3717860286 	3445455109 	3999614965 	3486239456 	3426162059 	3852503797 	3883198493 	4094117007 	4264505695 	: 	4801112416 	3984375022 	4912556477 	4766571973 	4737435398 	4044878293 	3937119221 	4473134529 	4789153047 	5249961790 	5605997136 	4060532698 	5529880696 	4289932468 	4825713174 	4576954148 	4607233904 	4207553162 
M,AT,EU27_2020_EXTRA,TOTAL,2,VALUE_IN_EUROS	: 	: 	3405482479 	4158137532 	4872852503 	4501886204 	4141634617 	4354095511 	4597358477 	4179142268 	4653739327 	4520590524 	5077618285 	4539499382 	: 	4408748318 	4615892107 	5298520100 	4698147497 	5346721196 	5317210657 	5083059185 	4831345356 	5472330035 	5371884093 	5748698975 	4945545350 	4724686327 	4852222101 	6183467164 	5063965881 	5324523824 	5572702348 
M,AT,EU27_2020_INTRA,TOTAL,1,VALUE_IN_EUROS	: 	: 	9318662785 	10659851169 	13112958678 	11901216702 	11303855102 	12374956087 	11827498982 	10841767555 	12584000334 	12505163347 	13409348442 	12013481700 	: 	11632903838 	12672323404 	15349752542 	13410925240 	14637823368 	14198626701 	13532431971 	13566048575 	15113309596 	14466622847 	15180073536 	12868130137 	12745728180 	13443037569 	15390102201 	12511566751 	13274713387 	13545917282 
M,AT,EU27_2020_INTRA,TOTAL,2,VALUE_IN_EUROS	: 	: 	8325118034 	8991674119 	10988802527 	9812671964 	9568444639 	10200397294 	9977952017 	8665585905 	10671133733 	10229710835 	11327851191 	9779853522 	: 	10516122914 	10981756427 	13046522261 	11354986848 	12234668203 	12009817234 	11164195133 	10523776514 	12822201108 	12080773284 	13064599598 	10460875975 	11509643949 	11538457497 	14462464426 	11917450410 	12111885027 	12244256170 
M,AT,WORLD,TOTAL,1,VALUE_IN_EUROS	: 	: 	12197676880 	13596422838 	17007229598 	15619076988 	14749310211 	16374571052 	15313738438 	14267929614 	16436504131 	16388361840 	17503465449 	16277987395 	: 	16434016254 	16656698426 	20262309019 	18177497213 	19375258766 	18243504994 	17469551192 	18039183104 	19902462643 	19716584637 	20786070672 	16928662835 	18275608876 	17732970037 	20215815375 	17088520899 	17881947291 	17753470444 
M,AT,WORLD,TOTAL,2,VALUE_IN_EUROS	: 	: 	11730600513 	13149811651 	15861655030 	14314558168 	13710079256 	14554492805 	14575310494 	12844728173 	15324873060 	14750301359 	16405469476 	14319352904 	: 	14924871232 	15597648534 	18345042361 	16053134345 	17581389399 	17327027891 	16247254318 	15355121870 	18294531143 	17452657377 	18813298573 	15406421325 	16234330276 	16390679598 	20645931590 	16981416291 	17436408851 	17816958518 
M,BE,EU27_2020_EXTRA,TOTAL,1,VALUE_IN_EUROS	: 	: 	10491624070 	10722199894 	13990578071 	12848370972 	13329190454 	14352706856 	13025021226 	13758314505 	15052769910 	16195566794 	16476563127 	16669493529 	: 	17935676738 	17496415586 	20692585243 	20512793558 	21018204130 	20853732844 	21252270450 	24242697219 	23484832422 	20578728513 	19276992726 	18942946003 	20856187384 	17495676434 	19334388456 	17167328988 	16215030966 	15074342131 
M,BE,EU27_2020_EXTRA,TOTAL,2,VALUE_IN_EUROS	: 	: 	10379385996 	10653561980 	12731560856 	12291022619 	12032686306 	13013059339 	12678543061 	12866747289 	14070448818 	14375654265 	13770320119 	15793707978 	: 	14596589388 	15859797225 	17027761712 	14440042990 	16452384673 	15827086274 	14395668075 	15096572418 	17613136640 	18186307158 	18845022796 	15121510116 	14835681978 	14672840427 	17406959372 	12446110713 	12734300357 	13641770746 
M,BE,EU27_2020_INTRA,TOTAL,1,VALUE_IN_EUROS	: 	: 	19495450579 	20056822525 	23104979448 	21380311714 	21973202522 	23724722328 	21686685616 	21214096317 	24284041547 	26565441819 	27859412525 	28256720463 	: 	26853360330 	26072122942 	31914572204 	27437002321 	30021295135 	28949836630 	28775094280 	28660194972 	30163672540 	28276909996 	31889480467 	27612267007 	26317587654 	26949279290 	29814921542 	26255505391 	26309309454 	27395264930 
M,BE,EU27_2020_INTRA,TOTAL,2,VALUE_IN_EUROS	: 	: 	20970444383 	20711841700 	26765725737 	24770193254 	24342933444 	28316979821 	25207061930 	23942204495 	27514133940 	29470898337 	29093954292 	28920589066 	: 	29874450947 	29491017130 	36920372890 	32049128124 	35691922931 	35494638034 	34558621298 	35536891854 	39563290123 	34166820297 	34490637784 	32826367680 	31730692664 	30338025546 	33228904349 	29397178044 	30110657678 	31095586907 
M,BE,WORLD,TOTAL,1,VALUE_IN_EUROS	: 	: 	29987074649 	30779022419 	37095557519 	34228682686 	35302392976 	38077429184 	34711706842 	34972410822 	39336811457 	42761008613 	44335975652 	44926213992 	: 	44789037068 	43568538528 	52607157447 	47949795879 	51039499265 	49803569474 	50027364730 	52902892191 	53648504962 	48855638509 	51166473193 	46555213010 	47173775038 	44444955724 	49149309998 	43422834379 	42524340420 	42469607061 
M,BE,WORLD,TOTAL,2,VALUE_IN_EUROS	: 	: 	31349830379 	31365403680 	39497286593 	37061215873 	36375619750 	41330039160 	37885604991 	36808951784 	41584582758 	43846552602 	42864274411 	44714297044 	: 	44471040335 	45350814355 	53948134602 	46489171114 	52144307604 	51321724308 	48954289373 	50633464272 	57176426763 	52353127455 	53335660580 	47947877796 	46566374642 	45010865973 	50635863721 	41843288757 	42844958035 	44737357653 
M,BG,EU27_2020_EXTRA,TOTAL,1,VALUE_IN_EUROS	: 	: 	974052333 	1015972300 	1371255261 	1261979520 	1200834085 	1368672688 	1212927054 	1406561516 	1235216706 	1394098230 	1536228470 	1460278036 	: 	1794904089 	1688958759 	1883461629 	1980602533 	2019080818 	2385017361 	2306891017 	1948253820 	2489557751 	2315378317 	2056499161 	1768602907 	1810703750 	1768877410 	1740925143 	1444156332 	1608471052 	1572798013 
M,BG,EU27_2020_EXTRA,TOTAL,2,VALUE_IN_EUROS	: 	: 	738945419 	887141236 	1058989786 	1001738898 	911222245 	984346035 	1027501789 	1046359814 	1059480271 	962937079 	933595225 	1063170793 	: 	1083037957 	1227449862 	1333138676 	1251694321 	1399458736 	1638776132 	1492168503 	1479173597 	1260644855 	1421642171 	1591453644 	1242530285 	1382749524 	1322729977 	1545646780 	1297292696 	1293128350 	1339888260 
M,BG,EU27_2020_INTRA,TOTAL,1,VALUE_IN_EUROS	: 	: 	1600075973 	1755614982 	2044197864 	1840523191 	1884925248 	1918317252 	2019476182 	1777231206 	2130713873 	2110604607 	2310457143 	2297862710 	: 	2118147075 	2247110148 	2703621466 	2340673966 	2596891303 	2841024502 	2573488630 	2422297406 	2659917662 	2705607831 	2913670686 	2504210013 	2351878266 	2490889069 	2806213523 	2352128430 	2537998519 	2471834902 
M,BG,EU27_2020_INTRA,TOTAL,2,VALUE_IN_EUROS	: 	: 	1692839604 	1696465960 	1915472319 	2013037416 	1716736056 	1938281755 	1958359475 	1808332716 	2017169346 	2158566360 	2238087715 	1993475868 	: 	2117656325 	2203703352 	2815239905 	2676173710 	2886389098 	2816500162 	2747987301 	2553196683 	2749682558 	2795210116 	2797713282 	2224338449 	2525394169 	2374114162 	2602963689 	2191522281 	2424528433 	2418219106 
M,BG,WORLD,TOTAL,1,VALUE_IN_EUROS	: 	: 	2574128306 	2771587282 	3415453125 	3102502711 	3085759333 	3286989940 	3232403236 	3183792722 	3365930579 	3504702837 	3846685613 	3758140746 	: 	3913051164 	3936068907 	4587083095 	4321276499 	4615972121 	5226041863 	4880379647 	4370551226 	5149475413 	5020986148 	4970169847 	4272812920 	4162582016 	4259766479 	4547138666 	3796284762 	4146469571 	4044632915 
M,BG,WORLD,TOTAL,2,VALUE_IN_EUROS	: 	: 	2431785023 	2583607196 	2974462105 	3014776314 	2627958301 	2922627790 	2985861264 	2854692530 	3076649617 	3121503439 	3171682940 	3056646661 	: 	3200694282 	3431153214 	4148378581 	3927868031 	4285847834 	4455276294 	4240155804 	4032370280 	4010327413 	4216852287 	4389166926 	3466868734 	3908143693 	3696844139 	4148610469 	3488814977 	3717656783 	3758107366 
M,CY,EU27_2020_EXTRA,TOTAL,1,VALUE_IN_EUROS	: 	: 	228222570 	381852532 	201762793 	199845716 	181586730 	274457585 	232116337 	240631931 	198074209 	221142987 	463519659 	269876860 	: 	221875172 	317729016 	387836653 	309306859 	501710057 	632415319 	466268230 	360012655 	316656417 	358842862 	399505129 	291827977 	1197914268 	234890265 	387124484 	352919363 	441201286 	474496185 
M,CY,EU27_2020_EXTRA,TOTAL,2,VALUE_IN_EUROS	: 	: 	76921275 	115302698 	147320953 	153944988 	152386528 	224684785 	254017666 	225855078 	118152406 	386276072 	263639467 	266694068 	: 	149018384 	228785995 	219273762 	189798179 	308762310 	183417938 	319263602 	186375531 	162118603 	332242049 	264362134 	507749499 	242068023 	191400778 	291924200 	229755236 	272827532 	197319893 
M,CY,EU27_2020_INTRA,TOTAL,1,VALUE_IN_EUROS	: 	: 	376487511 	386645761 	426016343 	517890795 	502704168 	499780292 	570771737 	472348523 	448889974 	505509789 	531520692 	466291824 	: 	525762583 	461408605 	599362846 	538023877 	684329222 	579018603 	604141471 	618036657 	555833472 	586052156 	600823708 	513619208 	515467837 	533157418 	625655382 	550089899 	584011965 	614503106 
M,CY,EU27_2020_INTRA,TOTAL,2,VALUE_IN_EUROS	: 	: 	66795635 	59556308 	70551181 	87308134 	71334620 	87247735 	95162379 	54293460 	83573977 	74402608 	100749097 	80340138 	: 	70715096 	67762820 	99754611 	85116105 	120168519 	106768118 	102947253 	77648149 	120336228 	80036361 	75110346 	77610075 	67847479 	63449189 	77605751 	88736447 	96305612 	119456638 
M,CY,WORLD,TOTAL,1,VALUE_IN_EUROS	: 	: 	604710081 	768498293 	627779136 	717736511 	684290898 	774237877 	802888074 	712980454 	646964183 	726652776 	995040351 	736168684 	: 	747637755 	779137621 	987199499 	847330736 	1186039279 	1211433922 	1070409701 	978049312 	872489889 	944895018 	1000328837 	805447185 	1713382105 	768047683 	1012779866 	903009262 	1025213251 	1088999291 
M,CY,WORLD,TOTAL,2,VALUE_IN_EUROS	: 	: 	143716910 	174859006 	217872134 	241253122 	223721148 	311932520 	349180045 	280148538 	201726383 	460678680 	364388564 	347034206 	: 	219733480 	296548815 	319028373 	274914284 	428930829 	290186056 	422210855 	264023680 	282454831 	412278410 	339472480 	585359574 	309915502 	254849967 	369529951 	318491683 	369133144 	316776531 
M,CZ,EU27_2020_EXTRA,TOTAL,1,VALUE_IN_EUROS	: 	: 	3323402849 	3205209932 	4267376771 	3744114577 	3633226095 	4034832793 	3553998919 	3793588872 	4196233883 	4328070116 	4527862212 	4475190464 	: 	4927660194 	4241991339 	4939142944 	4561009437 	4856913865 	5428703776 	4775967554 	5591816721 	6168548585 	6088087100 	6361477243 	5041246352 	5204271477 	4613067985 	4889197569 	4777454751 	4871290689 	4377470253 
M,CZ,EU27_2020_EXTRA,TOTAL,2,VALUE_IN_EUROS	: 	: 	2756427152 	2867405753 	3429509964 	3230037915 	3162113599 	3264244767 	2940482510 	2798984229 	3133692242 	3054331821 	3552560780 	3274508330 	: 	3231108448 	3114764055 	3465459592 	3062491913 	3503985265 	3823526070 	3213075835 	3581511933 	3938458897 	3718050353 	4128046390 	3635670546 	3425500644 	3466984171 	4062703227 	3233678102 	3667086120 	4073568565 
M,CZ,EU27_2020_INTRA,TOTAL,1,VALUE_IN_EUROS	: 	: 	9218647597 	9820181232 	11917707434 	10914448009 	11090184156 	11892197101 	10482032545 	10059261024 	11440228589 	11364862747 	12750099319 	11297109941 	: 	11380458331 	12193289252 	14264614463 	13283215064 	14802123808 	14338247708 	12502258926 	13190058742 	14380416637 	14213078578 	15434422687 	12220171784 	12704498459 	12770706430 	14872740879 	12110854157 	13498081060 	13890116845 
M,CZ,EU27_2020_INTRA,TOTAL,2,VALUE_IN_EUROS	: 	: 	11751541302 	11854554819 	14306236452 	13336661487 	12745083008 	13350520622 	11561947158 	10906062184 	13016393517 	13341528670 	15139204083 	12796927721 	: 	14242980763 	13684795359 	16247799250 	14390396608 	16015596327 	16602158426 	14011797649 	15104144048 	17683729641 	17032270391 	18325750971 	14485119587 	16923297395 	15670919538 	17944079983 	15317255415 	16481514287 	16966314230 
M,CZ,WORLD,TOTAL,1,VALUE_IN_EUROS	: 	: 	12542050446 	13025391164 	16185084205 	14658562586 	14723410251 	15927029894 	14036031464 	13852849896 	15636462472 	15692932863 	17277961531 	15772300405 	: 	16308118525 	16435280591 	19203757407 	17844224501 	19659037673 	19766951484 	17278226480 	18781875463 	20548965222 	20301165678 	21795899930 	17261418136 	17908769936 	17383774415 	19761938448 	16888308908 	18369371749 	18267587098 
M,CZ,WORLD,TOTAL,2,VALUE_IN_EUROS	: 	: 	14507968454 	14721960572 	17735746416 	16566699402 	15907196607 	16614765389 	14502429668 	13705046413 	16150085759 	16395860491 	18691764863 	16071436051 	: 	17474089211 	16799559414 	19713258842 	17452888521 	19519581592 	20425684496 	17224873484 	18685655981 	21622188538 	20750320744 	22453797361 	18120790133 	20348798039 	19137903709 	22006783210 	18550933517 	20148600407 	21039882795 
M,DE,EU27_2020_EXTRA,TOTAL,1,VALUE_IN_EUROS	: 	: 	31079144582 	31085673701 	37101128510 	35984066237 	34372600135 	36547403551 	34457863443 	36255426633 	37497548280 	39612712615 	42102442358 	41140686060 	: 	44321267044 	41166655334 	50716265934 	48652031742 	51576050232 	49305724378 	49021362806 	54114943816 	53128838155 	49410557443 	51924263417 	42985178342 	45412931369 	39376236594 	43425521311 	38476507401 	40549721289 	39799273640 
M,DE,EU27_2020_EXTRA,TOTAL,2,VALUE_IN_EUROS	: 	: 	44010672039 	49800011262 	59828801197 	51494040653 	49070192162 	54257145807 	53732277706 	48879098698 	53963998085 	55103307682 	58417978729 	54162179431 	: 	50520328134 	55390200034 	63054825395 	54670223436 	60471178733 	61512087951 	57476900709 	59925724174 	65279041298 	61301742766 	66502700543 	58488072084 	54936160057 	59620766221 	69255610732 	53831613956 	59672470227 	63249818170 
M,DE,EU27_2020_INTRA,TOTAL,1,VALUE_IN_EUROS	: 	: 	53150721440 	58736004663 	69095259410 	60536965520 	62720817612 	66185306768 	62811763181 	56988708882 	64558098894 	69151670857 	72341391149 	69413086721 	: 	61906733079 	71222881419 	79771176156 	73174767448 	79484826995 	79290658770 	74176910559 	74732973744 	81292339104 	81277680720 	80510839320 	71063918909 	70883509228 	76570496563 	80308974741 	70442858268 	77184908012 	76833174358 
M,DE,EU27_2020_INTRA,TOTAL,2,VALUE_IN_EUROS	: 	: 	55169295663 	58625203585 	68757844016 	61532939878 	61504349688 	65100478561 	62026697484 	55757223730 	64762432315 	66793102204 	68130435090 	63264766250 	: 	61083930764 	69058971088 	76658865910 	69514643390 	75419896498 	75002777424 	70503982478 	69278530552 	76923978371 	74247488452 	77516810556 	66224006300 	71338815716 	72996827276 	76946697298 	68592813987 	71615375281 	75550152791 
M,DE,WORLD,TOTAL,1,VALUE_IN_EUROS	: 	: 	84229866022 	89821678364 	106196387920 	96521031757 	97093417747 	102732710319 	97269626624 	93244135515 	102055647174 	108764383472 	114443833507 	110553772781 	: 	106228000123 	112389536753 	130487442090 	121826799190 	131060877227 	128596383148 	123198273365 	128847917560 	134421177259 	130688238163 	132435102737 	114049097251 	116296440597 	115946733157 	123734496052 	108919365669 	117734629301 	116632447998 
M,DE,WORLD,TOTAL,2,VALUE_IN_EUROS	: 	: 	99179967702 	108425214847 	128586645213 	113026980531 	110574541850 	119357624368 	115758975190 	104636322428 	118726430400 	121896409886 	126548413819 	117426945681 	: 	111604258898 	124449171122 	139713691305 	124184866826 	135891075231 	136514865375 	127980883187 	129204254726 	142203019669 	135549231218 	144019511099 	124712078384 	126274975773 	132617593497 	146202308030 	122424427943 	131287845508 	138799970961 
M,DK,EU27_2020_EXTRA,TOTAL,1,VALUE_IN_EUROS	: 	: 	2167961317 	2506978723 	2845857299 	2435536728 	2794142336 	2622555762 	2623476984 	2514043078 	2950603951 	2905858011 	3143935051 	3043531938 	: 	3065540410 	2908454472 	3223807187 	3298747647 	3433516691 	3365986005 	3442989334 	4009345511 	3523486488 	4011041073 	3314446203 	3115828505 	3218188604 	2874650378 	3101869616 	2974810127 	3729463881 	3476329111 
M,DK,EU27_2020_EXTRA,TOTAL,2,VALUE_IN_EUROS	: 	: 	3728969608 	3811155833 	4569485053 	3921587150 	4297236115 	4656337634 	4247368629 	3300645810 	4165086613 	4233554858 	4829923359 	4338578696 	: 	4036517287 	4125115271 	4990961037 	4036282186 	4704299970 	4466501966 	4515185817 	4275504796 	4834012894 	4676030314 	5129864903 	4866272340 	4875148166 	4387107035 	4958111602 	3933368681 	4598033635 	4458211505 
M,DK,EU27_2020_INTRA,TOTAL,1,VALUE_IN_EUROS	: 	: 	4955205854 	5282503000 	6182633585 	5524799324 	5418529842 	6032123197 	5277543847 	5293878932 	6114450781 	6199123821 	6541182502 	6434774265 	: 	6009411686 	5988186885 	7457112129 	6650489387 	7055509388 	7208115326 	6084500797 	6664251028 	7037589550 	6789649365 	7104803749 	6540566116 	6345824653 	6018576121 	7200244297 	5646503150 	6359673653 	6662364668 
M,DK,EU27_2020_INTRA,TOTAL,2,VALUE_IN_EUROS	: 	: 	4062813012 	4125158670 	5212999181 	4367458315 	4447124330 	4891507451 	4281994133 	4477164372 	5097003708 	5054871350 	5485623785 	4929520852 	: 	4969982539 	5097987621 	6504527271 	5195754771 	5464721482 	5832343244 	5296525224 	5666939289 	6289207605 	6037283777 	6167377364 	5827067954 	6187090165 	5643476706 	6404014365 	5205253827 	5737353195 	6493435431 
M,DK,WORLD,TOTAL,1,VALUE_IN_EUROS	: 	: 	7123167171 	7789481723 	9028490884 	7960336052 	8212672178 	8654678959 	7901020831 	7807922010 	9065054732 	9104981832 	9685117553 	9478306203 	: 	9074952096 	8896641357 	10680919316 	9949237034 	10489026079 	10574101331 	9527490131 	10673596539 	10561076038 	10800690438 	10419249952 	9656394621 	9564013257 	8893226499 	10302113913 	8621313277 	10089137534 	10138693779 
M,DK,WORLD,TOTAL,2,VALUE_IN_EUROS	: 	: 	7791782620 	7936314503 	9782484234 	8289045465 	8744360445 	9547845085 	8529362762 	7777810182 	9262090321 	9288426208 	10315547144 	9268099548 	: 	9006499826 	9223102892 	11495488308 	9232036957 	10169021452 	10298845210 	9811711041 	9942444085 	11123220499 	10713314091 	11297242267 	10693340294 	11062238331 	10030583741 	11362125967 	9138622508 	10335386830 	10951646936 
M,EE,EU27_2020_EXTRA,TOTAL,1,VALUE_IN_EUROS	: 	: 	391298973 	357951567 	438924362 	497465225 	474844369 	472347421 	500079043 	529869926 	470213351 	473266606 	508139801 	470900827 	: 	524913480 	505993789 	529795415 	538782560 	512383219 	494636172 	518581682 	432808604 	360672446 	395844502 	439042033 	288416154 	370897998 	224665932 	284572486 	273707260 	320120791 	280317064 
M,EE,EU27_2020_EXTRA,TOTAL,2,VALUE_IN_EUROS	: 	: 	366996814 	432433335 	510942025 	525258372 	481947581 	458877766 	475854589 	524341613 	541569027 	539737784 	564922010 	582664178 	: 	435902470 	430307171 	646216165 	462398800 	649802428 	617300678 	559428429 	612976526 	599402608 	555189685 	490840508 	405724212 	355163633 	380113364 	435057145 	425461281 	433863934 	462675233 
M,EE,EU27_2020_INTRA,TOTAL,1,VALUE_IN_EUROS	: 	: 	914662898 	970138015 	1220117376 	1148038114 	1176963083 	1255394266 	1178292240 	1162101432 	1301073207 	1342865542 	1364563621 	1402108764 	: 	1255765148 	1272115393 	1642057680 	1592544258 	1714080174 	1648251078 	1520148745 	1749618435 	1755532828 	1709149302 	1683570159 	1848384494 	1400910854 	1415910182 	1629486818 	1473850095 	1646115844 	1574871374 
M,EE,EU27_2020_INTRA,TOTAL,2,VALUE_IN_EUROS	: 	: 	819920942 	821769610 	953184818 	1013013866 	991471595 	1006396444 	1027373436 	1051611517 	1168923436 	1122212019 	1173808164 	1081533519 	: 	1200195403 	1078469038 	1339305294 	1136676197 	1279721528 	1222063965 	1136421116 	1299803709 	1330632546 	1288803849 	1256906244 	1265885621 	1141816089 	1145075107 	1271686897 	1079760962 	1210383472 	1130050989 
M,EE,WORLD,TOTAL,1,VALUE_IN_EUROS	: 	: 	1305961871 	1328089582 	1659041738 	1645503339 	1651807452 	1727741687 	1678371283 	1691971358 	1771286558 	1816132148 	1872703422 	1873009591 	: 	1780678628 	1778109182 	2171853095 	2131326818 	2226463393 	2142887250 	2038730427 	2182427039 	2116205274 	2104993804 	2122612192 	2136800648 	1771808852 	1640576114 	1914059304 	1747557355 	1966236635 	1855188438 
M,EE,WORLD,TOTAL,2,VALUE_IN_EUROS	: 	: 	1186917756 	1254202945 	1464126843 	1538272238 	1473419176 	1465274210 	1503228025 	1575953130 	1710492463 	1661949803 	1738730174 	1664197697 	: 	1636097873 	1508776209 	1985521459 	1599074997 	1929523956 	1839364643 	1695849545 	1912780235 	1930035154 	1843993534 	1747746752 	1671609833 	1496979722 	1525188471 	1706744042 	1505222243 	1644247406 	1592726222 
M,ES,EU27_2020_EXTRA,TOTAL,1,VALUE_IN_EUROS	: 	: 	9911940175 	10754446566 	12784879779 	12182327203 	12413830430 	12733828768 	13490028197 	13748413033 	14404339317 	15661984954 	16927705128 	16304708778 	: 	17579226682 	16992076106 	18048007347 	20199733546 	20492129232 	21177823032 	20571767323 	20278236171 	21198636016 	19542880972 	19056713867 	17634051028 	17491441796 	16054283917 	17260367086 	15854347478 	17309978595 	15541761515 
M,ES,EU27_2020_EXTRA,TOTAL,2,VALUE_IN_EUROS	: 	: 	7663061816 	9617419637 	11297365312 	9791148139 	10223662105 	10419231236 	10212150872 	9053223080 	10428917569 	10601258748 	11768874159 	10793026856 	: 	9822923788 	11197267453 	11869135602 	11796016717 	13494600439 	13931233673 	12520259377 	11898322231 	11959857340 	12094085329 	12764736202 	11966854565 	10922415454 	11936407729 	14355555865 	10858614211 	12938978429 	13027901367 
M,ES,EU27_2020_INTRA,TOTAL,1,VALUE_IN_EUROS	: 	: 	13418467900 	14453631261 	18297283126 	15310853545 	15472415725 	17796898946 	15550765619 	12362529216 	17810453099 	16334110978 	18058298393 	19257821917 	: 	16874838115 	17740033740 	22461077325 	17658242637 	20001195027 	22006543391 	18322540867 	16394317303 	22629898249 	19817967765 	21584788797 	20748038803 	18448332089 	19779047758 	23856049066 	17945995296 	20410935360 	23530844535 
M,ES,EU27_2020_INTRA,TOTAL,2,VALUE_IN_EUROS	: 	: 	13785912639 	14753397433 	18680112117 	16556295565 	16484931364 	17815821208 	16774316493 	13008315811 	18118340575 	17060870377 	18534665817 	17992594643 	: 	18086085338 	19215285687 	22582132301 	19926881087 	21855519775 	22481001172 	20217610135 	17165272279 	23638528220 	21110543496 	24896522473 	21161614673 	20998362224 	21588404630 	25854640863 	18474208011 	21730168165 	22819518676 
M,ES,WORLD,TOTAL,1,VALUE_IN_EUROS	: 	: 	23330408075 	25208077827 	31082162905 	27493180748 	27886246155 	30530727714 	29040793816 	26110942249 	32214792416 	31996095932 	34986003521 	35562530695 	: 	34454064797 	34732109846 	40509084672 	37857976183 	40493324259 	43184366423 	38894308190 	36672553474 	43828534265 	39360848737 	40641502664 	38382089831 	35939773885 	35833331675 	41116416152 	33800342774 	37720913955 	39072606050 
M,ES,WORLD,TOTAL,2,VALUE_IN_EUROS	: 	: 	21448974455 	24370817070 	29977477429 	26347443704 	26708593469 	28235052444 	26986467365 	22061538891 	28547258144 	27662129125 	30303539976 	28785621499 	: 	27909009126 	30412553140 	34451267903 	31722897804 	35350120214 	36412234845 	32737869512 	29063594510 	35598385560 	33204628825 	37661258675 	33128469238 	31920777678 	33524812359 	40210196728 	29332822222 	34669146594 	35847420043 
M,EU27_2020,EU27_2020_EXTRA,TOTAL,1,VALUE_IN_EUROS	: 	: 	140753418867 	143698522792 	176571928694 	166670034517 	165529137730 	174808446196 	172644802510 	174818528195 	187546080054 	197945173273 	212269442166 	212764942674 	: 	218189758205 	208887923738 	250489272720 	243585738567 	258568448273 	259967025194 	255330220937 	272922432090 	279455970215 	265813102418 	259395830978 	230968446090 	236843252196 	205933054951 	225437785984 	207636524235 	219412841765 	206649545382 
M,EU27_2020,EU27_2020_EXTRA,TOTAL,2,VALUE_IN_EUROS	: 	: 	148921029880 	164687678416 	195385167504 	178803527831 	173051496258 	188280258187 	187377963935 	166708020101 	187132167226 	190861416406 	201638294860 	198171168797 	: 	179500339490 	192292072929 	221332548857 	198975743642 	221205134644 	225016083704 	211945728825 	206937896496 	232275316200 	225766691437 	237475909152 	219201913565 	198879332235 	208303798819 	242833252780 	193146405787 	217406838685 	226175664790 
M,EU27_2020,EU27_2020_INTRA,TOTAL,1,VALUE_IN_EUROS	: 	: 	234274766088 	253781155809 	302151635430 	271695700618 	272830291724 	294322530908 	275863350246 	246190782105 	293642535061 	302082617857 	322746987813 	314351765866 	: 	293913887171 	312570153945 	366533851557 	328006194976 	357495671359 	356127980807 	331153378585 	323631845149 	369564702826 	357985990599 	371434475829 	334585653539 	328123284664 	336912336928 	379523043504 	317615270412 	343622495588 	353415763037 
M,EU27_2020,EU27_2020_INTRA,TOTAL,2,VALUE_IN_EUROS	: 	: 	246790794830 	258124153951 	309583674063 	279409436184 	276462598801 	300039000589 	282056478438 	249681787190 	303808533265 	308958603082 	326554104887 	301065461503 	: 	308404001868 	320294185245 	376136177106 	336162448816 	366215845149 	369722398001 	344028687950 	335425740549 	389381428269 	370517782307 	384670726166 	329492792735 	350560631917 	348110461344 	388693885032 	323760986310 	352412775794 	361341858005 
M,FI,EU27_2020_EXTRA,TOTAL,1,VALUE_IN_EUROS	: 	: 	1452192050 	1563147142 	1696835585 	1526944731 	1461883080 	1561518211 	1901725431 	1777100519 	2005630704 	2273329595 	2213727460 	2659362016 	: 	2398517411 	2526772625 	2956343716 	2665817054 	2964847253 	2652283604 	2902115481 	2791951349 	2325574327 	2707540935 	2339711880 	2268138877 	2064144043 	1493695289 	2165793041 	1750566942 	1986347424 	1876667655 
M,FI,EU27_2020_EXTRA,TOTAL,2,VALUE_IN_EUROS	: 	: 	1977634633 	2104558900 	2681746289 	2483879034 	2518895518 	2634935862 	2610973400 	2308685658 	2773424914 	2681123863 	2839136199 	2825079660 	: 	2469757773 	2405043977 	2849266671 	2707587071 	3038092490 	3056360282 	2966931756 	2879098625 	3181990799 	3131460001 	4207833180 	2897841923 	2740833322 	2020091965 	3102962019 	2459708295 	2843731102 	2643454586 
M,FI,EU27_2020_INTRA,TOTAL,1,VALUE_IN_EUROS	: 	: 	3324928782 	3703773930 	4412299646 	4086121734 	4073052282 	4421299745 	4068292274 	3968925792 	4515631832 	4421727378 	4802346928 	4975976775 	: 	4435692794 	4347708160 	5576974113 	4933963113 	5304053166 	5313143353 	4892601473 	5231295243 	5236104294 	5214995441 	5476189023 	5007043141 	4522919552 	4191585755 	5494426400 	4335620413 	4704189208 	4498682827 
M,FI,EU27_2020_INTRA,TOTAL,2,VALUE_IN_EUROS	: 	: 	2483108557 	2759531689 	3182042068 	2914357387 	2832163108 	3114179560 	2985371751 	2902066369 	3898544551 	3491584353 	3833358072 	4634913150 	: 	3302689202 	3339751781 	4160675777 	3933510556 	4015159444 	4183078495 	3673061158 	3850390713 	4050480500 	3790970649 	3885221433 	3908413639 	3556918984 	2994177916 	4618704738 	3938469365 	3722474219 	3504298478 
M,FI,WORLD,TOTAL,1,VALUE_IN_EUROS	: 	: 	4777120832 	5266921072 	6109135231 	5613066465 	5534935362 	5982817956 	5970017705 	5746026311 	6521262536 	6695056973 	7016074388 	7635338791 	: 	6834210205 	6874480785 	8533317829 	7599780167 	8268900419 	7965426957 	7794716954 	8023246592 	7561678621 	7922536376 	7815900903 	7275182018 	6587063595 	5685281044 	7660219441 	6086187355 	6690536632 	6375350482 
M,FI,WORLD,TOTAL,2,VALUE_IN_EUROS	: 	: 	4460743190 	4864090589 	5863788357 	5398236421 	5351058626 	5749115422 	5596345151 	5210752027 	6671969465 	6172708216 	6672494271 	7459992810 	: 	5772446975 	5744795758 	7009942448 	6641097627 	7053251934 	7239438777 	6639992914 	6729489338 	7232471299 	6922430650 	8093054613 	6806255562 	6297752306 	5014269881 	7721666757 	6398177660 	6566205321 	6147753064 
M,FR,EU27_2020_EXTRA,TOTAL,1,VALUE_IN_EUROS	: 	: 	14022037988 	14258921669 	17350700820 	16585787769 	15860649359 	17532684693 	16666769696 	16167811706 	17412653111 	18463068961 	20170284832 	21274790564 	: 	21066958309 	20929806669 	25604939855 	23511764041 	25533614377 	26312838784 	25500002774 	27149874899 	29496865953 	24433189405 	26329625714 	24609730777 	23922329412 	20829296575 	20480481832 	21078068672 	22708659150 	22151831634 
M,FR,EU27_2020_EXTRA,TOTAL,2,VALUE_IN_EUROS	: 	: 	15505193665 	16984580283 	19487058557 	19822704465 	17206322202 	19604011571 	19081896749 	16533736006 	18906806260 	19961144754 	19524882783 	21912014465 	: 	18991245665 	18824884186 	21215153841 	20437417183 	20429423328 	22192024998 	20942695555 	19730082957 	23251329809 	24413679003 	23363085031 	25265795607 	20218142882 	20914241903 	23304903242 	20862580023 	23329078507 	24857150705 
M,FR,EU27_2020_INTRA,TOTAL,1,VALUE_IN_EUROS	: 	: 	28979210517 	30208148642 	35555281094 	32730418806 	31335551990 	35308228555 	32238788648 	28078829319 	34637659671 	35403765785 	37809260633 	37203228387 	: 	35754443718 	36416165230 	41824405343 	37958680542 	40758586415 	41629590317 	37426031677 	34922951421 	43671142267 	41722122919 	43002073923 	42527428391 	40445625594 	39641313232 	46189858953 	37829554587 	39685837489 	42958754785 
M,FR,EU27_2020_INTRA,TOTAL,2,VALUE_IN_EUROS	: 	: 	20186054674 	20351483061 	24677261387 	21445911763 	20500694630 	25128922162 	21672205468 	18261719815 	23918752400 	24698068954 	25771647480 	23805742643 	: 	25794213776 	25783546244 	29886767951 	25625462974 	28328291867 	29742284748 	25912608334 	24033950026 	30164523990 	27960133969 	28595960491 	26300295152 	28059096370 	28796200454 	32402275598 	25756051268 	27892123030 	31354194053 
M,FR,WORLD,TOTAL,1,VALUE_IN_EUROS	: 	: 	43001248505 	44467070311 	52905981914 	49316206575 	47196201349 	52840913248 	48905558344 	44246641025 	52050312782 	53866834746 	57979545465 	58478018951 	: 	56821402027 	57345971899 	67429345198 	61470444583 	66292200792 	67942429101 	62926034451 	62072826320 	73168008220 	66155312324 	69331699637 	67137159168 	64367955006 	60470609807 	66670340785 	58907623259 	62394496639 	65110586419 
M,FR,WORLD,TOTAL,2,VALUE_IN_EUROS	: 	: 	35691248339 	37336063344 	44164319944 	41268616228 	37707016832 	44732933733 	40754102217 	34795455821 	42825558660 	44659213708 	45296530263 	45717757108 	: 	44785459441 	44608430430 	51101921792 	46062880157 	48757715195 	51934309746 	46855303889 	43764032983 	53415853799 	52373812972 	51959045522 	51566090759 	48277239252 	49710442357 	55707178840 	46618631291 	51221201537 	56211344758 
M,GR,EU27_2020_EXTRA,TOTAL,1,VALUE_IN_EUROS	: 	: 	1819091686 	1826955744 	2434048906 	2365295921 	2335649047 	2370369744 	2913449404 	2705791143 	2756279883 	3033922882 	3573343691 	3497967209 	: 	3538990053 	3953962533 	3601338247 	3878775468 	4657907227 	4945349069 	4893559773 	4860072947 	4611319410 	5381049705 	5020376093 	3902293004 	3848993722 	3391433781 	3634002025 	3107434396 	3436038090 	3143067686 
M,GR,EU27_2020_EXTRA,TOTAL,2,VALUE_IN_EUROS	: 	: 	1089787798 	1380080783 	1562280434 	1469920070 	1478523237 	1506372426 	1455572300 	1411859384 	1697786633 	1766800160 	1874735162 	1779885624 	: 	1590170617 	1607922264 	1955524325 	1889488045 	2212389666 	2627517778 	2277103257 	2049257124 	2180156417 	2133084629 	1947364508 	2072158715 	1979113085 	1783998606 	1982926994 	1687734380 	1653535928 	1602300228 
M,GR,EU27_2020_INTRA,TOTAL,1,VALUE_IN_EUROS	: 	: 	2186484029 	2237971744 	3029404500 	2667080176 	2579327756 	3010174918 	2884724750 	2334219815 	3101472465 	3041962340 	3300250065 	3361664835 	: 	2915547110 	3053687616 	3482357821 	3044312532 	3436237733 	3542276097 	3197542576 	2889265487 	3734755197 	3458731630 	3480128336 	3568502956 	2998758776 	3269150434 	3734184254 	3018703206 	3574561890 	3580355039 
M,GR,EU27_2020_INTRA,TOTAL,2,VALUE_IN_EUROS	: 	: 	1433370208 	1525668590 	1793710086 	1726300541 	1760199392 	1890106711 	2104370678 	1406994104 	2044753877 	1938557958 	2057519617 	1816390555 	: 	1837648451 	2064812633 	2585495565 	2243173962 	2592647610 	2807695179 	2719218793 	2767423165 	2580633936 	2648520310 	2832041225 	2454929750 	2499128542 	2646394558 	2805331714 	2276369009 	2401099871 	2525973823 
M,GR,WORLD,TOTAL,1,VALUE_IN_EUROS	: 	: 	4005575715 	4064927488 	5463453406 	5032376097 	4914976803 	5380544662 	5798174154 	5040010958 	5857752348 	6075885222 	6873593756 	6859632044 	: 	6454537163 	7007650149 	7083696068 	6923088000 	8094144960 	8487625166 	8091102349 	7749338434 	8346074607 	8839781335 	8500504429 	7470795960 	6847752498 	6660584215 	7368186279 	6126137602 	7010599980 	6723422725 
M,GR,WORLD,TOTAL,2,VALUE_IN_EUROS	: 	: 	2523158006 	2905749373 	3355990520 	3196220611 	3238722629 	3396479137 	3559942978 	2818853488 	3742540510 	3705358118 	3932254779 	3596276179 	: 	3427819068 	3672734897 	4541019890 	4132662007 	4805037276 	5435212957 	4996322050 	4816680289 	4760790353 	4781604939 	4779405733 	4527088465 	4478241627 	4430393164 	4788258708 	3964103389 	4054635799 	4128274051 
M,HR,EU27_2020_EXTRA,TOTAL,1,VALUE_IN_EUROS	: 	: 	366271807 	515912442 	656727320 	593025809 	601914885 	668806504 	617978181 	635501741 	675228464 	704260456 	766969837 	708624470 	: 	763368510 	751535452 	951751990 	1071689246 	1059772145 	1085185025 	1214313822 	1601873676 	1365509747 	1105552926 	972815650 	986314169 	817140162 	733346558 	930604790 	759587389 	939113262 	928035763 
M,HR,EU27_2020_EXTRA,TOTAL,2,VALUE_IN_EUROS	: 	: 	352227930 	401091281 	528822435 	574152191 	472761444 	569735575 	483894289 	433728226 	504289778 	555082551 	580401168 	575637328 	: 	453863967 	523950058 	599035040 	577153077 	641697180 	726077889 	668743775 	618828918 	839776667 	722232665 	691827547 	629187760 	540312502 	602306740 	697987507 	611974585 	584677167 	637707459 
M,HR,EU27_2020_INTRA,TOTAL,1,VALUE_IN_EUROS	: 	: 	1396232686 	1632235114 	1935703971 	1741243590 	1742273686 	1840748965 	1850644613 	1656626482 	1935902148 	1937648217 	2034324530 	2015495673 	: 	1875041642 	2192824583 	2859104725 	2497244282 	2537081516 	2479805992 	2463145245 	2328712966 	2527962013 	2667321313 	2666606412 	2475932110 	2255529803 	2450630947 	2870750339 	2446436847 	2576487128 	2555235597 
M,HR,EU27_2020_INTRA,TOTAL,2,VALUE_IN_EUROS	: 	: 	788305594 	901324581 	1099450210 	963044841 	1062769346 	1058744926 	1081764222 	855268061 	1124498753 	1150047886 	1271777504 	1132012704 	: 	1056222886 	1151401265 	1374229705 	1285995472 	1406305842 	1442665691 	1500142193 	1276056633 	1667150376 	1452336335 	1627499344 	1351868735 	1158647968 	1194621500 	1716334760 	1211494541 	1354140361 	1285023664 
M,HR,WORLD,TOTAL,1,VALUE_IN_EUROS	: 	: 	1762504493 	2148147556 	2592431291 	2334269399 	2344188571 	2509555469 	2468622794 	2292128223 	2611130612 	2641908673 	2801294367 	2724120143 	: 	2638410152 	2944360035 	3810856715 	3568933528 	3596853661 	3564991017 	3677459067 	3930586642 	3893471760 	3772874239 	3639422062 	3462246279 	3072669965 	3183977505 	3801355129 	3206024236 	3515600390 	3483271360 
M,HR,WORLD,TOTAL,2,VALUE_IN_EUROS	: 	: 	1140533524 	1302415862 	1628272645 	1537197032 	1535530790 	1628480501 	1565658511 	1288996287 	1628788531 	1705130437 	1852178672 	1707650032 	: 	1510086853 	1675351323 	1973264745 	1863148549 	2048003022 	2168743580 	2168885968 	1894885551 	2506927043 	2174569000 	2319326891 	1981056495 	1698960470 	1796928240 	2414322267 	1823469126 	1938817528 	1922731123 
M,HU,EU27_2020_EXTRA,TOTAL,1,VALUE_IN_EUROS	: 	: 	2397401939 	2496041735 	2820025632 	2805636563 	2777543436 	2840719766 	2877321261 	2913184588 	3296521191 	3220428863 	3199469271 	3123147402 	: 	3356578408 	3630687909 	3759534262 	3539654391 	3734846573 	4115154184 	3633730725 	4254352693 	5275364274 	4962653392 	5577658215 	3838766853 	4341143470 	4059960960 	4243388410 	3676737522 	3771689987 	3599747285 
M,HU,EU27_2020_EXTRA,TOTAL,2,VALUE_IN_EUROS	: 	: 	1929406388 	2038814628 	2302126285 	2093796447 	2015685249 	2234382873 	2001114451 	2007399449 	2396425010 	2248089135 	2430645802 	2504915823 	: 	2288965663 	2607843944 	2559841832 	2445239720 	2719607748 	2707113467 	2320018299 	2587915603 	3032474831 	2567178281 	2752489116 	2692422863 	2638151875 	2611127077 	2944983565 	2428862904 	2822034006 	2864183430 
M,HU,EU27_2020_INTRA,TOTAL,1,VALUE_IN_EUROS	: 	: 	5828180267 	6795934411 	7689881541 	7002566998 	6965331651 	7363094267 	7062763962 	6484039601 	7457608845 	7675278847 	8343328502 	7490003180 	: 	7878954633 	8443852671 	9673208355 	8363906598 	8992995809 	8907793176 	8925127607 	9340649893 	9796358502 	8910933014 	9668051202 	7794476074 	8777179428 	8631885339 	9433004172 	7789053723 	8513982526 	8792302444 
M,HU,EU27_2020_INTRA,TOTAL,2,VALUE_IN_EUROS	: 	: 	7129088976 	7726088183 	8732231204 	7798246917 	7567657290 	8297763491 	7550905032 	6544834071 	8025520763 	7940696881 	8821409864 	7574850567 	: 	8452174146 	8938041443 	9778653333 	8701341954 	9535363013 	9598406395 	8651878362 	9055862134 	10852995703 	10105287063 	10665514718 	8467705461 	9781811598 	10238585632 	11382985689 	9077957414 	10190469750 	10700083319 
M,HU,WORLD,TOTAL,1,VALUE_IN_EUROS	: 	: 	8225582206 	9291976146 	10509907173 	9808203561 	9742875087 	10203814033 	9940085223 	9397224189 	10754130036 	10895707710 	11542797773 	10613150582 	: 	11235533041 	12074540580 	13432742617 	11903560989 	12727842382 	13022947360 	12558858332 	13595002586 	15071722776 	13873586406 	15245709417 	11633242927 	13118322898 	12691846299 	13676392582 	11465791245 	12285672513 	12392049729 
M,HU,WORLD,TOTAL,2,VALUE_IN_EUROS	: 	: 	9058495364 	9764902811 	11034357489 	9892043364 	9583342539 	10532146364 	9552019483 	8552233520 	10421945773 	10188786016 	11252055666 	10079766390 	: 	10741139809 	11545885387 	12338495165 	11146581674 	12254970761 	12305519862 	10971896661 	11643777737 	13885470534 	12672465344 	13418003834 	11160128324 	12419963473 	12849712709 	14327969254 	11506820318 	13012503756 	13564266749 
M,IE,EU27_2020_EXTRA,TOTAL,1,VALUE_IN_EUROS	: 	: 	3902855522 	3868482239 	5467530844 	4881189798 	4684572116 	5454522037 	4757182874 	4918270256 	5490685975 	6001460272 	6515077201 	7299218134 	: 	6292765973 	5706505383 	8221324244 	7222023152 	8953597676 	8528255432 	7063004702 	8577657174 	7908026171 	7839588578 	7485793757 	6998577017 	7365241545 	5652754285 	6190866615 	7031819922 	6573539292 	6879939572 
M,IE,EU27_2020_EXTRA,TOTAL,2,VALUE_IN_EUROS	: 	: 	8450755887 	7360868889 	8577631920 	6934186782 	7613985103 	8853243174 	8294601659 	8036605026 	8553576167 	9573520514 	9439515650 	8067902740 	: 	9447864724 	9084940579 	12732269071 	10268873431 	11228952102 	10819451854 	8188094830 	10483754213 	11476001450 	10656147295 	9816532008 	8474840954 	8323040226 	8878937963 	11273599899 	8482935295 	9486221158 	12490104932 
M,IE,EU27_2020_INTRA,TOTAL,1,VALUE_IN_EUROS	: 	: 	2479602137 	2519150551 	3593693426 	3169121429 	3737747477 	4099040992 	3075819607 	2430982503 	2881016996 	3015486858 	3899853516 	3783046408 	: 	3189910771 	3274660339 	3711434079 	3906999613 	4122396932 	4224869915 	3614734997 	3821668395 	5125622629 	4534395780 	4489094260 	4245217673 	3951287244 	4363517845 	5948554707 	4382130643 	4978999140 	5157646152 
M,IE,EU27_2020_INTRA,TOTAL,2,VALUE_IN_EUROS	: 	: 	4490437110 	4628761711 	5693873394 	4888633585 	5440634669 	5587396044 	4505849443 	4814699254 	5841846225 	5112844123 	5771216845 	4672274410 	: 	6262317814 	6292114661 	7011324278 	6412487946 	6255941028 	6355213633 	6272621787 	8566969952 	7738806273 	6571840328 	6635380094 	5978757568 	6836838889 	7345599666 	7231876075 	6427017722 	6934757435 	6698311790 
M,IE,WORLD,TOTAL,1,VALUE_IN_EUROS	: 	: 	6382457659 	6387632790 	9061224270 	8050311227 	8422319593 	9553563029 	7833002481 	7349252759 	8371702971 	9016947130 	10414930717 	11082264542 	: 	9482676744 	8981165722 	11932758323 	11129022765 	13075994608 	12753125347 	10677739699 	12399325569 	13033648800 	12373984358 	11974888017 	11243794690 	11316528789 	10016272130 	12139421322 	11413950565 	11552538432 	12037585724 
M,IE,WORLD,TOTAL,2,VALUE_IN_EUROS	: 	: 	12941192997 	11989630600 	14271505314 	11822820367 	13054619772 	14440639218 	12800451102 	12851304280 	14395422392 	14686364637 	15210732495 	12740177150 	: 	15710182538 	15377055240 	19743593349 	16681361377 	17484893130 	17174665487 	14460716617 	19050724165 	19214807723 	17227987623 	16451912102 	14453598522 	15159879115 	16224537629 	18505475974 	14909953017 	16420978593 	19188416722 
M,IT,EU27_2020_EXTRA,TOTAL,1,VALUE_IN_EUROS	: 	: 	13692544089 	13656163907 	16578919420 	16436960099 	16285472486 	16675725422 	18173653958 	15645170587 	19589194962 	19973613917 	20404040618 	21109381591 	: 	23529192779 	22611540232 	26731667401 	26343331442 	26463955256 	28648928574 	30703209243 	27767905226 	31155461336 	27842893429 	26054297355 	23587249541 	23367192768 	21138156451 	23533543837 	21226509090 	22818043291 	21158169028 
M,IT,EU27_2020_EXTRA,TOTAL,2,VALUE_IN_EUROS	: 	: 	15286607453 	17665902340 	21199947605 	21111687912 	20753704054 	21161502943 	24371436239 	16363597829 	20230846764 	21935373719 	22755451222 	23333225827 	: 	18244962399 	21449390181 	25938769783 	23632406726 	26206051119 	25639556254 	27876158284 	20005911502 	25724974917 	25615976835 	27870340975 	27587092996 	21980825160 	25135446662 	27694882446 	22465247719 	27261405294 	26424890915 
M,IT,EU27_2020_INTRA,TOTAL,1,VALUE_IN_EUROS	: 	: 	18703329900 	20478260518 	24742408455 	21820974959 	22314825922 	23647628331 	23265592586 	16917414704 	24113844516 	24178357299 	25992683932 	26041226108 	: 	24185245897 	26208408455 	30717083796 	27533182901 	30168181540 	28552524962 	27736878295 	22649270773 	30404602554 	28793795571 	30023420686 	27016371488 	28457803748 	29226348227 	32617089036 	25967339404 	29543189487 	30643716774 
M,IT,EU27_2020_INTRA,TOTAL,2,VALUE_IN_EUROS	: 	: 	18633025723 	21227476824 	24984322257 	22870794046 	23200343122 	24385855791 	25237480720 	16533811593 	24912062502 	24433073442 	25840832435 	22342736389 	: 	22949275908 	25895654704 	30752887446 	26605193797 	30363933773 	29049743370 	30103533871 	20903745902 	29323256597 	28963875341 	29630807758 	24376634857 	25608146547 	27324130014 	31783081149 	25090687884 	29867026882 	28838291353 
M,IT,WORLD,TOTAL,1,VALUE_IN_EUROS	: 	: 	32395873989 	34134424425 	41321327875 	38257935058 	38600298408 	40323353753 	41439246544 	32562585291 	43703039478 	44151971216 	46396724550 	47150607699 	: 	47714438676 	48819948687 	57448751197 	53876514343 	56632136796 	57201453536 	58440087538 	50417175999 	61560063890 	56636689000 	56077718041 	50603621029 	51824996516 	50364504678 	56150632873 	47193848494 	52361232778 	51801885802 
M,IT,WORLD,TOTAL,2,VALUE_IN_EUROS	: 	: 	33919633176 	38893379164 	46184269862 	43982481958 	43954047176 	45547358734 	49608916959 	32897409422 	45142909266 	46368447161 	48596283657 	45675962216 	: 	41194238307 	47345044885 	56691657229 	50237600523 	56569984892 	54689299624 	57979692155 	40909657404 	55048231514 	54579852176 	57501148733 	51963727853 	47588971707 	52459576676 	59477963595 	47555935603 	57128432176 	55263182268 
M,LT,EU27_2020_EXTRA,TOTAL,1,VALUE_IN_EUROS	: 	: 	626742733 	655481521 	889697080 	757678205 	1008557205 	944348306 	1049276865 	1073710377 	1132809643 	1206219748 	1268768199 	1249701570 	: 	1264671825 	1241109540 	1714182245 	1789047079 	1291981587 	1237609403 	1672970280 	1967718875 	2022946444 	2048921686 	1423189893 	1624198775 	1296814756 	1012058309 	1172353372 	1129074076 	1121839611 	1079505883 
M,LT,EU27_2020_EXTRA,TOTAL,2,VALUE_IN_EUROS	: 	: 	963630611 	1094870170 	1099585030 	1138666185 	1209282510 	1209389483 	1136610150 	1250976817 	1284834188 	1347743112 	1457059310 	1420933613 	: 	1249417816 	1137591944 	1193886135 	1082684817 	1149210734 	1197409417 	1433703169 	1543216592 	1699801049 	1715540658 	1717179772 	1616624192 	1333088374 	1372483103 	1482941060 	1396602331 	1440283869 	1240730325 
M,LT,EU27_2020_INTRA,TOTAL,1,VALUE_IN_EUROS	: 	: 	1589412686 	1820392100 	2246151008 	2203961688 	2096072380 	2170830694 	2132215995 	2072400906 	2219440973 	2338227335 	2443710455 	2494860754 	: 	2163637154 	2233321336 	2747372550 	2505998445 	2712039505 	2893991206 	2764463502 	3012023306 	3186266047 	3028223463 	3059065647 	2937377161 	2484836155 	2575631780 	3005479285 	2504828529 	2704951724 	2644981866 
M,LT,EU27_2020_INTRA,TOTAL,2,VALUE_IN_EUROS	: 	: 	1311348219 	1345319148 	1655731529 	1538475861 	1526255597 	1618820706 	1599332557 	1723844810 	1834621528 	1868049411 	1938060288 	1901435080 	: 	1902398379 	1859438774 	2552467821 	2400117157 	2336471109 	2119284834 	2276301926 	2705109982 	2653510152 	2491569916 	2283670368 	1996033308 	1948415031 	1834941380 	2163004655 	1906588085 	1967830250 	1983699386 
M,LT,WORLD,TOTAL,1,VALUE_IN_EUROS	: 	: 	2216155419 	2475873621 	3135848088 	2961639893 	3104629585 	3115179000 	3181492860 	3146111283 	3352250616 	3544447083 	3712478654 	3744562324 	: 	3428308979 	3474430876 	4461554795 	4295045524 	4004021092 	4131600609 	4437433782 	4979742181 	5209212491 	5077145149 	4482255540 	4561575936 	3781650911 	3587690089 	4177832657 	3633902605 	3826791335 	3724487749 
M,LT,WORLD,TOTAL,2,VALUE_IN_EUROS	: 	: 	2274978830 	2440189318 	2755316559 	2677142046 	2735538107 	2828210189 	2735942707 	2974821627 	3119455716 	3215792523 	3395119598 	3322368693 	: 	3151816195 	2997030718 	3746353956 	3482801974 	3485681843 	3316694251 	3710005095 	4248326574 	4353311201 	4207110574 	4000850140 	3612657500 	3281503405 	3207424483 	3645945715 	3303190416 	3408114119 	3224429711 
M,LU,EU27_2020_EXTRA,TOTAL,1,VALUE_IN_EUROS	: 	: 	192209425 	159358642 	181201324 	186818008 	269371632 	211853034 	190011636 	207890864 	290617775 	166850003 	219183410 	219676968 	: 	254386039 	171369112 	207962329 	225944163 	174682739 	169315852 	172711151 	179543956 	240054623 	283769963 	225956845 	218289014 	202544495 	181694364 	291958464 	160337427 	197498394 	185153709 
M,LU,EU27_2020_EXTRA,TOTAL,2,VALUE_IN_EUROS	: 	: 	180314960 	179458489 	234732218 	210818012 	197791115 	241113092 	237870429 	244145002 	267825655 	225702293 	263476328 	247576688 	: 	197351962 	228756273 	305433167 	230784861 	272750407 	303886672 	254362485 	255757384 	256011184 	268047609 	308646901 	295872117 	249084748 	256855776 	327688445 	291431346 	278088916 	286992960 
M,LU,EU27_2020_INTRA,TOTAL,1,VALUE_IN_EUROS	: 	: 	1323712030 	1446504732 	1740821217 	1606079273 	1565561029 	1683080944 	1621375300 	1347812945 	1653737989 	2081475224 	1808993969 	1772468262 	: 	1704539070 	1750301977 	2149789131 	1924298421 	1945884763 	1977715656 	1833544356 	1679839231 	1968351756 	1946792391 	1919039158 	1862387675 	1847889029 	1846495336 	2071897952 	1752622614 	1811103606 	1791353921 
M,LU,EU27_2020_INTRA,TOTAL,2,VALUE_IN_EUROS	: 	: 	829985158 	865333467 	1038198802 	965665212 	918312090 	1024005995 	990363611 	856780446 	1018741508 	993845851 	1021105846 	955267981 	: 	990244411 	1056714145 	1228063930 	1128795070 	1163376844 	1194111832 	1066357853 	1029879362 	1156894560 	1137136530 	1107180082 	968799029 	1125580843 	1080851431 	1230798339 	1022267615 	1036394180 	1087831647 
M,LU,WORLD,TOTAL,1,VALUE_IN_EUROS	: 	: 	1515921455 	1605863374 	1922022541 	1792897281 	1834932661 	1894933978 	1811386936 	1555703809 	1944355764 	2248325227 	2028177379 	1992145230 	: 	1958925109 	1921671089 	2357751460 	2150242584 	2120567502 	2147031508 	2006255507 	1859383187 	2208406379 	2230562354 	2144996003 	2080676689 	2050433524 	2028189700 	2363856416 	1912960041 	2008602000 	1976507630 
M,LU,WORLD,TOTAL,2,VALUE_IN_EUROS	: 	: 	1010300118 	1044791956 	1272931020 	1176483224 	1116103205 	1265119087 	1228234040 	1100925448 	1286567163 	1219548144 	1284582174 	1202844669 	: 	1187596373 	1285470418 	1533497097 	1359579931 	1436127251 	1497998504 	1320720338 	1285636746 	1412905744 	1405184139 	1415826983 	1264671146 	1374665591 	1337707207 	1558486784 	1313698961 	1314483096 	1374824607 
M,LV,EU27_2020_EXTRA,TOTAL,1,VALUE_IN_EUROS	: 	: 	305543153 	262997320 	333687702 	380801201 	494948341 	541490404 	531597118 	724355850 	533739993 	619221949 	425894605 	390256487 	: 	469178552 	504477587 	469921926 	560223493 	614948773 	408775766 	436113409 	567209969 	452267828 	465771653 	417474339 	796886491 	377070673 	335831548 	414847291 	516799100 	437407601 	350748190 
M,LV,EU27_2020_EXTRA,TOTAL,2,VALUE_IN_EUROS	: 	: 	392202098 	468053714 	517652312 	472893147 	484953284 	488591191 	544852625 	583509509 	670661532 	612398386 	602868688 	577147344 	: 	462973672 	473415467 	662404597 	606279148 	647496916 	651515679 	628479273 	701758133 	858453152 	724701578 	758212325 	738261732 	587178910 	604269661 	743175118 	614210557 	548763676 	586576925 
M,LV,EU27_2020_INTRA,TOTAL,1,VALUE_IN_EUROS	: 	: 	909971221 	1027647256 	1289434731 	1212038640 	1235921031 	1249166870 	1323924454 	1357282581 	1403029481 	1362572841 	1376303807 	1402967675 	: 	1221856270 	1370805901 	1936918288 	1719531796 	1883784978 	1783587562 	1931810264 	2069320797 	2190580171 	2097788101 	2007992966 	1744166926 	1651237221 	1631168794 	1947125260 	1606289233 	1737130743 	1759876312 
M,LV,EU27_2020_INTRA,TOTAL,2,VALUE_IN_EUROS	: 	: 	721003423 	751822451 	901751326 	853047782 	855570441 	889906030 	896472757 	984893754 	1069598812 	1070551367 	1146758776 	1093371125 	: 	1110111747 	1132547285 	1327451905 	1218298442 	1260687272 	1197711751 	1118581623 	1380354428 	1465601570 	1308802867 	1387606315 	1160472525 	1214310217 	1159441500 	1342656727 	1060489109 	1115847979 	1050225177 
M,LV,WORLD,TOTAL,1,VALUE_IN_EUROS	: 	: 	1215514374 	1290644576 	1623122433 	1592839841 	1730869372 	1790657274 	1855521572 	2081638431 	1936769474 	1981794790 	1802198412 	1793224162 	: 	1691034822 	1875283488 	2406840214 	2279755289 	2498733751 	2192363328 	2367923673 	2636530766 	2642847999 	2563559754 	2425467305 	2541053417 	2028307894 	1967000342 	2361972551 	2123088333 	2174538344 	2110624502 
M,LV,WORLD,TOTAL,2,VALUE_IN_EUROS	: 	: 	1113205521 	1219876165 	1419403638 	1325940929 	1340523725 	1378497221 	1441325382 	1568403263 	1740260344 	1682949753 	1749627464 	1670518469 	: 	1573085419 	1605962752 	1989856502 	1824577590 	1908184188 	1849227430 	1747060896 	2082112561 	2324054722 	2033504445 	2145818640 	1898734257 	1801489127 	1763711161 	2085831845 	1674699666 	1664611655 	1636802102 
M,MT,EU27_2020_EXTRA,TOTAL,1,VALUE_IN_EUROS	: 	: 	89302054 	114134302 	149255542 	273251878 	255128327 	187262978 	282615985 	165740636 	159262375 	172439867 	280889046 	303169882 	: 	151400474 	208579181 	173062949 	275551856 	300213956 	287798049 	423804258 	267038966 	245274100 	339067525 	386025140 	321565990 	273921643 	192318551 	174326737 	345493007 	258379499 	249351732 
M,MT,EU27_2020_EXTRA,TOTAL,2,VALUE_IN_EUROS	: 	: 	84153350 	84581721 	114354504 	88815713 	86515457 	85689930 	102454786 	93857861 	100932602 	159094868 	175264000 	169407072 	: 	115240735 	116591306 	103918584 	96081823 	113229250 	98799006 	101261546 	104809036 	131617944 	211106678 	263439222 	163161891 	111100481 	106653336 	133675268 	88829569 	116120198 	111142362 
M,MT,EU27_2020_INTRA,TOTAL,1,VALUE_IN_EUROS	: 	: 	252993239 	234920671 	262072998 	283202659 	296866824 	333798975 	478063317 	281888143 	320275227 	268336991 	347772239 	245205236 	: 	319622196 	278485395 	371735871 	389220528 	429380835 	472773740 	702308677 	455977113 	346361021 	360383906 	300675461 	326498038 	328536009 	309174615 	324473752 	354452040 	402198335 	364000650 
M,MT,EU27_2020_INTRA,TOTAL,2,VALUE_IN_EUROS	: 	: 	141363897 	112475257 	105446408 	142375295 	96376794 	131646642 	94832123 	79751188 	83331771 	89463387 	72726597 	98078671 	: 	100878932 	114601227 	141728366 	123828200 	127764419 	122133210 	114448933 	127255710 	138547940 	124800190 	128964183 	117426414 	135383717 	137742659 	137471673 	127070068 	136038390 	146496861 
M,MT,WORLD,TOTAL,1,VALUE_IN_EUROS	: 	: 	342295293 	349054973 	411328540 	556454537 	551995151 	521061953 	760679302 	447628779 	479537602 	440776858 	628661285 	548375118 	: 	471022670 	487064576 	544798820 	664772384 	729594791 	760571789 	1126112935 	723016079 	591635121 	699451431 	686700601 	648064028 	602457652 	501493166 	498800489 	699945047 	660577834 	613352382 
M,MT,WORLD,TOTAL,2,VALUE_IN_EUROS	: 	: 	225517247 	197056978 	219800912 	231191008 	182892251 	217336572 	197286909 	173609049 	184264373 	248558255 	247990597 	267485743 	: 	216119667 	231192533 	245646950 	219910023 	240993669 	220932216 	215710479 	232064746 	270165884 	335906868 	392403405 	280588305 	246484198 	244395995 	271146941 	215899637 	252158588 	257639223 
M,NL,EU27_2020_EXTRA,TOTAL,1,VALUE_IN_EUROS	: 	: 	25570173655 	24889781739 	32018764443 	28773392557 	28759320701 	30526743736 	30364919832 	31697130946 	32849801526 	34379079385 	38797806825 	38500571297 	: 	36911188131 	33792733361 	43408144272 	40539708917 	45955363550 	45299446887 	42587540606 	48163899865 	49562494560 	50814407785 	45925418241 	41638739129 	42740149263 	37558893802 	41392313913 	38220066935 	40051398981 	37469210181 
M,NL,EU27_2020_EXTRA,TOTAL,2,VALUE_IN_EUROS	: 	: 	15034973677 	15968931161 	19522077850 	17316881839 	17027073153 	19432708197 	18558694422 	18255953117 	18787529193 	16779358574 	20631147615 	20133922825 	: 	17604531980 	18105858207 	21671998104 	20372828877 	23304442231 	23751881113 	22468488295 	22430798116 	24770596395 	22825362101 	23900592851 	23184763355 	21420541381 	21452136586 	24686205010 	19367291599 	22261284337 	22869705817 
M,NL,EU27_2020_INTRA,TOTAL,1,VALUE_IN_EUROS	: 	: 	18237193937 	19424677245 	22993565335 	21125816483 	20903166981 	22622872641 	21940415564 	19827123022 	23401158686 	23484084624 	25351685808 	25037487973 	: 	24312865248 	24243860816 	28484881124 	26451740190 	28631989891 	29449915769 	27675493814 	26556691986 	28697706877 	28962559997 	30037242492 	27663559206 	28376705558 	26708698369 	29842376143 	26466406370 	27186400189 	28439100259 
M,NL,EU27_2020_INTRA,TOTAL,2,VALUE_IN_EUROS	: 	: 	34891441404 	35306593049 	42994494348 	38431939767 	38194402797 	41282456703 	40314278700 	38007418628 	43765159857 	45217660534 	48067937682 	47146812433 	: 	46806382738 	45114532402 	55387963053 	51503028614 	54744391253 	57513103351 	52879485814 	55235763533 	61522633588 	61497259357 	60618059459 	52757697425 	55017140241 	50839415897 	55368150697 	45930666030 	51282879358 	51166639210 
M,NL,WORLD,TOTAL,1,VALUE_IN_EUROS	: 	: 	43807367592 	44314458984 	55012329778 	49899209040 	49662487682 	53149616377 	52305335396 	51524253968 	56250960212 	57863164009 	64149492633 	63538059270 	: 	61224053379 	58036594177 	71893025396 	66991449107 	74587353441 	74749362656 	70263034420 	74720591851 	78260201437 	79776967782 	75962660733 	69302298335 	71116854821 	64267592171 	71234690056 	64686473305 	67237799170 	65908310440 
M,NL,WORLD,TOTAL,2,VALUE_IN_EUROS	: 	: 	49926415081 	51275524210 	62516572198 	55748821606 	55221475950 	60715164900 	58872973122 	56263371745 	62552689050 	61997019108 	68699085297 	67280735258 	: 	64410914718 	63220390609 	77059961157 	71875857491 	78048833484 	81264984464 	75347974109 	77666561649 	86293229983 	84322621458 	84518652310 	75942460780 	76437681622 	72291552483 	80054355707 	65297957629 	73544163695 	74036345027 
M,PL,EU27_2020_EXTRA,TOTAL,1,VALUE_IN_EUROS	: 	: 	5895233853 	6578506657 	7351747176 	7127278270 	7717656052 	7396124474 	8129245336 	8683185854 	8604778730 	9140999704 	10593311370 	10212705160 	: 	8762852725 	9278625588 	11204750089 	11109743091 	9926418392 	10924485630 	10786842559 	11444682824 	12117135414 	12766454180 	11595188938 	11209231689 	10042590570 	9061479402 	10015300374 	9230578448 	9573492396 	8807253890 
M,PL,EU27_2020_EXTRA,TOTAL,2,VALUE_IN_EUROS	: 	: 	4632707275 	5535622855 	6195172817 	6039412386 	5780460012 	6021547001 	6171548470 	5681473961 	6268125977 	6524815762 	6587679738 	6541330460 	: 	5997939027 	6363256895 	6263901250 	6264897700 	6856884311 	7263468277 	6779325511 	7272525757 	7746006103 	7660306106 	8011014208 	7427578288 	6627758937 	6959216463 	8214890898 	7192420882 	7625248668 	7814053767 
M,PL,EU27_2020_INTRA,TOTAL,1,VALUE_IN_EUROS	: 	: 	13364137911 	14837647920 	17265221949 	15324504438 	15472546490 	16502936402 	15811066725 	14767129519 	16623604458 	17175876449 	17763381382 	17321432152 	: 	17093034145 	17931928998 	20645084119 	18906619237 	20407084597 	19232573244 	18084564773 	18495207919 	20666211211 	19965432200 	21502845213 	18483929635 	18628872675 	18397929412 	21239281098 	18185807064 	19007009269 	19223088465 
M,PL,EU27_2020_INTRA,TOTAL,2,VALUE_IN_EUROS	: 	: 	15859695529 	16419039915 	18912073781 	17878778870 	17350334631 	18292449586 	17136427280 	16579174786 	18702428475 	19460883561 	21338987278 	18270451578 	: 	19711694223 	19869411745 	22175920641 	21324015555 	22399484584 	22016210961 	20568812397 	20549679661 	22929679916 	23384925280 	24839440550 	19217488849 	22690572252 	21781949681 	24519161976 	20875957145 	22343743816 	22188635982 
M,PL,WORLD,TOTAL,1,VALUE_IN_EUROS	: 	: 	19259371764 	21416154577 	24616969125 	22451782708 	23190202542 	23899060876 	23940312061 	23450315373 	25228383188 	26316876153 	28356692752 	27534137312 	: 	25855886870 	27210554586 	31849834208 	30016362328 	30333502989 	30157058874 	28871407332 	29939890743 	32783346625 	32731886380 	33098034151 	29693161324 	28671463245 	27459408814 	31254581472 	27416385512 	28580501665 	28030342355 
M,PL,WORLD,TOTAL,2,VALUE_IN_EUROS	: 	: 	20492402804 	21954662770 	25107246598 	23918191256 	23130794643 	24313996587 	23307975750 	22260648747 	24970554452 	25985699323 	27926667016 	24811782038 	: 	25709633250 	26232668640 	28439821891 	27588913255 	29256368895 	29279679238 	27348137908 	27822205418 	30675686019 	31045231386 	32850454758 	26645067137 	29318331189 	28741166144 	32734052874 	28068378027 	29968992484 	30002689749 
M,PT,EU27_2020_EXTRA,TOTAL,1,VALUE_IN_EUROS	: 	: 	1324183706 	1467572249 	1743008830 	1735823356 	1713322548 	1664991380 	1905522126 	1823454896 	2117082118 	2106537312 	2275332413 	2035732539 	: 	2382944777 	2366335975 	2532383520 	2604591068 	3161333430 	3261042100 	3084643061 	3423291862 	2947436193 	2537369919 	2822554579 	2271108455 	2395637284 	2105755903 	2300807858 	2117586877 	2543201740 	2365459475 
M,PT,EU27_2020_EXTRA,TOTAL,2,VALUE_IN_EUROS	: 	: 	1191810285 	1414481141 	1720321249 	1556816403 	1514183829 	1439951509 	1597248447 	1471525407 	1575248341 	1580501008 	1571687314 	1475020526 	: 	1474731563 	1613115653 	1803768687 	1724267656 	2474186742 	2169804208 	2249797386 	1902416436 	1940813569 	1974355990 	2063899353 	1720587164 	1843490940 	1810989642 	2452414098 	1667580765 	2007661659 	1935359535 
M,PT,EU27_2020_INTRA,TOTAL,1,VALUE_IN_EUROS	: 	: 	4224096972 	4310007564 	5312740019 	5121951728 	5077253168 	5097427918 	5227724135 	4287267218 	5253384858 	5479995793 	6020160729 	5821141234 	: 	5214074971 	5841310307 	6599082874 	6136778939 	6707604268 	6415044702 	6302658574 	5768095477 	6802890576 	7048032735 	6887148905 	6368032087 	6023005709 	6630073524 	7623765956 	6042335805 	6897294357 	6563026009 
M,PT,EU27_2020_INTRA,TOTAL,2,VALUE_IN_EUROS	: 	: 	3423759855 	3572859453 	4127755272 	3784396733 	3796438701 	3703609784 	3982406557 	2886279513 	3916527666 	3987417086 	4488808246 	3839470963 	: 	4150124616 	4371961850 	4817530203 	4477938570 	4998732015 	4888528470 	4911733793 	3867533098 	4932625958 	4729139764 	5084693903 	4060413666 	4514628991 	4556079561 	5379807888 	4300558717 	4935406581 	4883569384 
M,PT,WORLD,TOTAL,1,VALUE_IN_EUROS	: 	: 	5548280678 	5777579813 	7055748849 	6857775084 	6790575716 	6762419298 	7133246261 	6110722114 	7370466976 	7586533105 	8295493142 	7856873773 	: 	7597019748 	8207646282 	9131466394 	8741370007 	9868937698 	9676086802 	9387301635 	9191387339 	9750326769 	9585402654 	9709703484 	8639140542 	8418642993 	8735829427 	9924573814 	8159922682 	9440496097 	8928485484 
M,PT,WORLD,TOTAL,2,VALUE_IN_EUROS	: 	: 	4615570140 	4987340594 	5848076521 	5341213136 	5310622530 	5143561293 	5579655004 	4357804920 	5491776007 	5567918094 	6060495560 	5314491489 	: 	5624856179 	5985077503 	6621298890 	6202206226 	7472918757 	7058332678 	7161531179 	5769949534 	6873439527 	6703495754 	7148593256 	5781000830 	6358119931 	6367069203 	7832221986 	5968139482 	6943068240 	6818928919 
M,RO,EU27_2020_EXTRA,TOTAL,1,VALUE_IN_EUROS	: 	: 	1679721921 	2064515999 	2296899447 	2127936121 	2097514660 	2147602337 	2531266204 	2130842252 	2228322003 	2608994473 	2549745938 	2611148383 	: 	2709383181 	2727323243 	2855053570 	2971964971 	3104275954 	3232097867 	3512967457 	3480102463 	3214971402 	3238430045 	3100696437 	2621374166 	2617416175 	2582354057 	2803860109 	2528735299 	3061622288 	2498346191 
M,RO,EU27_2020_EXTRA,TOTAL,2,VALUE_IN_EUROS	: 	: 	1264302310 	1369843311 	1620922504 	1643091072 	1510022945 	1573801006 	1736199836 	1827655595 	1758942845 	1796856612 	1731459071 	1998873894 	: 	1837977200 	1951291971 	2176260861 	1842527597 	2068795408 	2338916596 	2292597727 	2265880314 	2199856675 	2093273398 	2250869769 	2145715597 	1832344796 	2114778932 	2383570687 	2046441559 	2370835231 	2108717502 
M,RO,EU27_2020_INTRA,TOTAL,1,VALUE_IN_EUROS	: 	: 	4908516395 	5614093484 	6483246939 	5828819174 	5624668673 	5948031642 	6019162918 	5269982997 	6242016718 	6395432475 	6678479748 	6247941580 	: 	6183923809 	6795374004 	7955355494 	6751662033 	7626748692 	7332246596 	7718832657 	7404252003 	8320072027 	8148662461 	7914033830 	7180342195 	6864706816 	7357895244 	8378243032 	6766460657 	7743874813 	7516338439 
M,RO,EU27_2020_INTRA,TOTAL,2,VALUE_IN_EUROS	: 	: 	4092474955 	4361733457 	4840043404 	4512746848 	4375060790 	4602890156 	4561558679 	3786718564 	4527532647 	4684770386 	5290186324 	4455284819 	: 	4920522907 	5089393925 	6050221200 	5045538313 	5925931176 	5526401960 	5605432278 	5373280743 	6304013773 	5881011295 	6163896947 	4567184266 	5335851538 	5771030730 	6369557134 	5173433506 	6261167437 	5636651854 
M,RO,WORLD,TOTAL,1,VALUE_IN_EUROS	: 	: 	6588238316 	7678609483 	8780146386 	7956755295 	7722183333 	8095633979 	8550429122 	7400825249 	8470338721 	9004426948 	9228225686 	8859089963 	: 	8893306990 	9522697247 	10810409064 	9723627004 	10731024646 	10564344463 	11231800114 	10884354466 	11535043429 	11387092506 	11014730267 	9801716361 	9482122991 	9940249301 	11182103141 	9295195956 	10805497101 	10014684630 
M,RO,WORLD,TOTAL,2,VALUE_IN_EUROS	: 	: 	5356777265 	5731576768 	6460965908 	6155837920 	5885083735 	6176691162 	6297758515 	5614374159 	6286475492 	6481626998 	7021645395 	6454158713 	: 	6758500107 	7040685896 	8226482061 	6888065910 	7994726584 	7865318556 	7898030005 	7639161057 	8503870448 	7974284693 	8414766716 	6712899863 	7168196334 	7885809662 	8753127821 	7219875065 	8632002668 	7745369356 
M,SE,EU27_2020_EXTRA,TOTAL,1,VALUE_IN_EUROS	: 	: 	3467270211 	3765954218 	4440444135 	4118792455 	4281969812 	4394504315 	3976154918 	4413600263 	4902476608 	5128487759 	5248744046 	5083016923 	: 	5145554241 	5008829138 	6125306213 	5789390967 	6225146434 	5970304167 	6208962895 	6227074070 	5723700486 	6075382385 	6387218924 	5459732019 	5152009542 	4714393855 	5422871561 	4779144859 	5052345451 	4651099726 
M,SE,EU27_2020_EXTRA,TOTAL,2,VALUE_IN_EUROS	: 	: 	5048319517 	5706557615 	6511157571 	6098203790 	6225488395 	6750440844 	5924772938 	5036544483 	6656530197 	6576119018 	6940997380 	6783676996 	: 	6057228829 	6577381156 	8026505103 	6928972392 	7572140119 	7790165479 	6970476980 	6209170879 	7542444486 	7487035964 	7766603430 	7513308277 	6667144035 	6668134776 	7875444355 	6416936115 	7187816888 	6696909108 
M,SE,EU27_2020_INTRA,TOTAL,1,VALUE_IN_EUROS	: 	: 	7438295066 	8004059998 	9493811251 	8706493148 	8559552156 	9004513015 	7793426182 	7959541202 	8996943167 	9398250228 	10067142962 	9725658800 	: 	8599717717 	9229473346 	10917940945 	9665791131 	10676374896 	10982565625 	8604595513 	9689798742 	11046600394 	11097658178 	10991532084 	10375454693 	9514933835 	9976626705 	11252700337 	9842488219 	10661663395 	10334431316 
M,SE,EU27_2020_INTRA,TOTAL,2,VALUE_IN_EUROS	: 	: 	6253311103 	6514740796 	7650978010 	6863945844 	6936930717 	7523156344 	6497466971 	6276072001 	7778407927 	7892025577 	8321220359 	7569999323 	: 	7588613122 	7759531678 	9410848831 	8179973763 	8826294807 	9324283410 	7471174374 	8025244045 	9158056649 	8635771343 	9060500694 	8074487325 	8674676382 	8561301892 	9593106430 	7909499013 	8512278861 	8467389484 
M,SE,WORLD,TOTAL,1,VALUE_IN_EUROS	: 	: 	10905565277 	11770014216 	13934255386 	12825285603 	12841521968 	13399017330 	11769581100 	12373141465 	13899419775 	14526737987 	15315887008 	14808675723 	: 	13745271958 	14238302484 	17043247158 	15455182098 	16901521330 	16952869792 	14813558408 	15916872812 	16770300880 	17173040563 	17378751008 	15835186712 	14666943377 	14691020560 	16675571898 	14621633078 	15714008846 	14985531042 
M,SE,WORLD,TOTAL,2,VALUE_IN_EUROS	: 	: 	11301630620 	12221298411 	14162135581 	12962149634 	13162419112 	14273597188 	12422239909 	11312616484 	14434938124 	14468144595 	15262217739 	14353676319 	: 	13645841951 	14336912834 	17437353934 	15108946155 	16398434926 	17114448889 	14441651354 	14234414924 	16700501135 	16122807307 	16827104124 	15587795602 	15341820417 	15229436668 	17468550785 	14326435128 	15700095749 	15164298592 
M,SI,EU27_2020_EXTRA,TOTAL,1,VALUE_IN_EUROS	: 	: 	1268976014 	1204379307 	1561322803 	1650003845 	1567700603 	1613677444 	1787468344 	1917745226 	2104493028 	2262526230 	2105331039 	2411095090 	: 	2076437026 	2192982359 	2559742411 	2638220168 	3064747449 	2899933228 	2588709491 	2927732152 	3115184161 	2762594282 	2581904844 	2535132109 	2969626383 	2157864393 	3213728704 	2372569826 	3406640849 	2614766744 
M,SI,EU27_2020_EXTRA,TOTAL,2,VALUE_IN_EUROS	: 	: 	1180617202 	1177620193 	1269007848 	1331933748 	1241669455 	1275338755 	1507594702 	1096915052 	1391798859 	1387889918 	1457984376 	1360508656 	: 	1401469911 	1449580009 	1748154942 	1841582983 	2177164601 	2627683593 	2355325734 	2170172537 	2681678162 	1835405993 	2344910327 	2005451783 	2286681650 	2125901907 	2514515689 	1761926900 	2430853960 	2828648030 
M,SI,EU27_2020_INTRA,TOTAL,1,VALUE_IN_EUROS	: 	: 	1729958222 	1999973728 	2399006784 	2183789745 	2250977254 	2315705076 	2220506808 	1971289584 	2441471878 	2479771146 	2688620981 	2645486076 	: 	2381572209 	2702488187 	3301745883 	2803168817 	2964447274 	2929622157 	2850754358 	2683154551 	2872128259 	3009958788 	3091748635 	2821509062 	2689043648 	2752784402 	3102851877 	2509247106 	2791072930 	2708535695 
M,SI,EU27_2020_INTRA,TOTAL,2,VALUE_IN_EUROS	: 	: 	2239943183 	2386940540 	2942483078 	2618046478 	2522328580 	2678469683 	2618835617 	2408295244 	3038640959 	3085290851 	3337614207 	2988601352 	: 	2959513098 	2984652734 	3906968762 	3229871086 	3579912988 	3961577872 	3348635329 	3037001411 	4190000569 	3547984478 	3848777948 	3177172241 	3303565992 	3410912447 	3908173422 	3043221264 	3575256347 	3397634961 
M,SI,WORLD,TOTAL,1,VALUE_IN_EUROS	: 	: 	2998934236 	3204353035 	3960329587 	3833793590 	3818677857 	3929382520 	4007975152 	3889034810 	4545964906 	4742297376 	4793952020 	5056581166 	: 	4458009235 	4895470546 	5861488294 	5441388985 	6029194723 	5829555385 	5439463849 	5610886703 	5987312420 	5772553070 	5673653479 	5356641171 	5658670031 	4910648795 	6316580581 	4881816932 	6197713779 	5323302439 
M,SI,WORLD,TOTAL,2,VALUE_IN_EUROS	: 	: 	3420560385 	3564560733 	4211490926 	3949980226 	3763998035 	3953808438 	4126430319 	3505210296 	4430439818 	4473180769 	4795598583 	4349110008 	: 	4360983009 	4434232743 	5655123704 	5071454069 	5757077589 	6589261465 	5703961063 	5207173948 	6871678731 	5383390471 	6193688275 	5182624024 	5590247642 	5536814354 	6422689111 	4805148164 	6006110307 	6226282991 
M,SK,EU27_2020_EXTRA,TOTAL,1,VALUE_IN_EUROS	: 	: 	1235006097 	1383359076 	1705077919 	1471851467 	1510253697 	1669081022 	1406892682 	1545028938 	1538998561 	1807833091 	1881009552 	1976204802 	: 	1943213566 	1982098428 	2078404652 	2028718145 	2233371860 	2299304393 	1651801633 	1819200078 	2216002459 	2257142053 	2314987219 	1952488049 	1956868948 	1799485485 	1807057726 	1707228600 	1823072006 	1836849964 
M,SK,EU27_2020_EXTRA,TOTAL,2,VALUE_IN_EUROS	: 	: 	1229522243 	1409191676 	1793742427 	1505003697 	1241098038 	1565479875 	1395072744 	1195453840 	1171497953 	1372153326 	1594470921 	1650079544 	: 	1330471813 	1581679686 	1621164823 	1419574496 	1761426542 	1737309803 	1597155431 	1839035808 	1642329421 	2074622735 	1975342534 	1591319354 	1800925125 	2055655918 	2521450393 	1983830206 	2223985713 	2153180117 
M,SK,EU27_2020_INTRA,TOTAL,1,VALUE_IN_EUROS	: 	: 	4950127554 	5364363593 	6305737302 	5806469036 	5455997516 	6024254721 	5444012459 	5006102685 	5772384855 	5865014520 	6852413841 	5927216453 	: 	5926827632 	6386024836 	7416030235 	6427211660 	7192724129 	6947618029 	6336773981 	6635872984 	7382477393 	7175484151 	8015114487 	6268118557 	6590676644 	6980326568 	7942592502 	6526142515 	7296802105 	7365444487 
M,SK,EU27_2020_INTRA,TOTAL,2,VALUE_IN_EUROS	: 	: 	5238396048 	5727339575 	6600899151 	5723148535 	5653717362 	6120989384 	5315691767 	5102370799 	5858458497 	6537608714 	6938558233 	5928166181 	: 	6346855423 	6596328227 	7372458646 	6394120545 	7386551744 	7111895060 	6094571545 	6434036974 	7430429819 	7447187269 	7684082036 	6004126211 	6676957965 	7078334775 	7948348747 	6369009171 	7365669897 	7589916641 
M,SK,WORLD,TOTAL,1,VALUE_IN_EUROS	: 	: 	6185133651 	6747722669 	8010815221 	7278320503 	6966251213 	7693335743 	6850905141 	6551131623 	7311383416 	7672847611 	8733423393 	7903421255 	: 	7870041198 	8368123264 	9494434887 	8455929805 	9426095989 	9246922422 	7988575614 	8455073062 	9598479852 	9432626204 	10330101706 	8220606606 	8547545592 	8779812053 	9749650228 	8233371115 	9119874111 	9202294451 
M,SK,WORLD,TOTAL,2,VALUE_IN_EUROS	: 	: 	6467918291 	7136531251 	8394641578 	7228152232 	6894815400 	7686469259 	6710764511 	6297824639 	7029956450 	7909762040 	8533029154 	7578245725 	: 	7677327236 	8178007913 	8993623469 	7813695041 	9147978286 	8849204863 	7691726976 	8273072782 	9072759240 	9521810004 	9659424570 	7595445565 	8477883090 	9133990693 	10469799140 	8352839377 	9589655610 	9743096758 
